condition,routeID,hubs,nodes,routeLength,objVal,calcTime,feeder_hub,feeder_hub_count,select_feeder_hub,flow_feeder,total_feeder_distance,depot_capacities,max_capacities,avg_capacities
10000,['17_104_10000_F'],"[('17', '104')]","['34', '36', '72', '73', '74', '106', '105', '104', '17', '52', '54', '55', '89', '91']",9948,27.702111103000007,0.570915937423706,"[34, 36, 72, 73, 74, 106, 105, 104, 17, 52, 54, 55, 89, 91]",14,"[(20, 34), (21, 34), (29, 34), (35, 34), (37, 34), (50, 34), (69, 34), (119, 34), (121, 34), (125, 34), (127, 34), (131, 34), (48, 36), (57, 72), (66, 72), (77, 72), (86, 72), (97, 72), (79, 73), (88, 73), (90, 73), (96, 73), (33, 74), (47, 74), (76, 74), (93, 105), (94, 105), (109, 104), (10, 17), (18, 17), (19, 17), (53, 17), (70, 17), (71, 17), (116, 17), (117, 17), (118, 17), (120, 17), (122, 17), (123, 17), (124, 17), (126, 17), (129, 17), (46, 52), (78, 52), (80, 52), (92, 52), (135, 52), (51, 54), (68, 54), (95, 54), (108, 54), (111, 54), (32, 55), (49, 89), (85, 89), (110, 89), (112, 89), (56, 91), (58, 91)]",551.7863097889999,15282.481391487998,"{34: 82.24802621100001, 36: 1.540275179, 72: 59.140738807999995, 73: 16.173578380000002, 74: 13.273902624000002, 105: 9.644193129000003, 104: 29.929928302999993, 17: 108.227424274, 52: 64.714706643, 54: 61.594245289999975, 55: 10.361376116999999, 89: 57.094906578999996, 91: 37.843008252000004}",108.227424274,42.445100753000006
11000,['17_104_10000_F'],"[('17', '104')]","['34', '36', '72', '73', '74', '106', '105', '104', '17', '52', '54', '55', '89', '91']",9948,27.702111103000007,0.6635339260101318,"[34, 36, 72, 73, 74, 106, 105, 104, 17, 52, 54, 55, 89, 91]",14,"[(20, 34), (21, 34), (29, 34), (35, 34), (37, 34), (50, 34), (69, 34), (119, 34), (121, 34), (125, 34), (127, 34), (131, 34), (48, 36), (57, 72), (66, 72), (77, 72), (86, 72), (97, 72), (79, 73), (88, 73), (90, 73), (96, 73), (33, 74), (47, 74), (76, 74), (93, 105), (94, 105), (109, 104), (10, 17), (18, 17), (19, 17), (53, 17), (70, 17), (71, 17), (116, 17), (117, 17), (118, 17), (120, 17), (122, 17), (123, 17), (124, 17), (126, 17), (129, 17), (46, 52), (78, 52), (80, 52), (92, 52), (135, 52), (51, 54), (68, 54), (95, 54), (108, 54), (111, 54), (32, 55), (49, 89), (85, 89), (110, 89), (112, 89), (56, 91), (58, 91)]",551.7863097889999,15282.481391487998,"{34: 82.24802621100001, 36: 1.540275179, 72: 59.140738807999995, 73: 16.173578380000002, 74: 13.273902624000002, 105: 9.644193129000003, 104: 29.929928302999993, 17: 108.227424274, 52: 64.714706643, 54: 61.594245289999975, 55: 10.361376116999999, 89: 57.094906578999996, 91: 37.843008252000004}",108.227424274,42.445100753000006
12000,['17_104_10000_F'],"[('17', '104')]","['34', '36', '72', '73', '74', '106', '105', '104', '17', '52', '54', '55', '89', '91']",9948,27.702111103000007,0.5228137969970703,"[34, 36, 72, 73, 74, 106, 105, 104, 17, 52, 54, 55, 89, 91]",14,"[(20, 34), (21, 34), (29, 34), (35, 34), (37, 34), (50, 34), (69, 34), (119, 34), (121, 34), (125, 34), (127, 34), (131, 34), (48, 36), (57, 72), (66, 72), (77, 72), (86, 72), (97, 72), (79, 73), (88, 73), (90, 73), (96, 73), (33, 74), (47, 74), (76, 74), (93, 105), (94, 105), (109, 104), (10, 17), (18, 17), (19, 17), (53, 17), (70, 17), (71, 17), (116, 17), (117, 17), (118, 17), (120, 17), (122, 17), (123, 17), (124, 17), (126, 17), (129, 17), (46, 52), (78, 52), (80, 52), (92, 52), (135, 52), (51, 54), (68, 54), (95, 54), (108, 54), (111, 54), (32, 55), (49, 89), (85, 89), (110, 89), (112, 89), (56, 91), (58, 91)]",551.7863097889999,15282.481391487998,"{34: 82.24802621100001, 36: 1.540275179, 72: 59.140738807999995, 73: 16.173578380000002, 74: 13.273902624000002, 105: 9.644193129000003, 104: 29.929928302999993, 17: 108.227424274, 52: 64.714706643, 54: 61.594245289999975, 55: 10.361376116999999, 89: 57.094906578999996, 91: 37.843008252000004}",108.227424274,42.445100753000006
13000,['17_104_12500_F'],"[('17', '104')]","['34', '36', '72', '73', '74', '106', '105', '109', '110', '104', '17', '52', '54', '55', '89', '91', '92']",12316,53.10433167400003,0.46698904037475586,"[34, 36, 72, 73, 74, 106, 105, 109, 110, 104, 17, 52, 54, 55, 89, 91, 92]",17,"[(18, 34), (19, 34), (20, 34), (21, 34), (29, 34), (35, 34), (37, 34), (116, 34), (117, 34), (118, 34), (119, 34), (120, 34), (121, 34), (122, 34), (125, 34), (126, 34), (127, 34), (50, 36), (56, 72), (57, 72), (112, 72), (131, 72), (32, 73), (46, 73), (51, 73), (78, 73), (58, 74), (88, 74), (90, 74), (93, 74), (96, 74), (97, 74), (53, 105), (76, 105), (48, 109), (71, 109), (108, 109), (33, 110), (49, 110), (69, 104), (111, 104), (10, 17), (94, 17), (123, 17), (124, 17), (129, 17), (86, 52), (135, 52), (70, 54), (79, 54), (85, 54), (95, 54), (47, 55), (66, 89), (77, 91), (68, 92), (80, 92)]",469.03181068999993,25719.034879701005,"{34: 120.86303920500004, 36: 6.962563703999997, 72: 52.830030195999996, 73: 66.74617336399999, 74: 33.564474622000006, 105: 14.269575679999999, 109: 14.734206826999998, 110: 18.296707868, 104: 7.170578617, 17: 41.026573211000006, 52: 13.703189669000002, 54: 28.575398611, 55: 2.0580698179999994, 89: 6.59392216, 91: 25.960687643000004, 92: 15.676619494999995}",120.86303920500004,29.314488168125
14000,['17_104_12500_F'],"[('17', '104')]","['34', '36', '72', '73', '74', '106', '105', '109', '110', '104', '17', '52', '54', '55', '89', '91', '92']",12316,53.10433167400003,0.4765970706939697,"[34, 36, 72, 73, 74, 106, 105, 109, 110, 104, 17, 52, 54, 55, 89, 91, 92]",17,"[(18, 34), (19, 34), (20, 34), (21, 34), (29, 34), (35, 34), (37, 34), (116, 34), (117, 34), (118, 34), (119, 34), (120, 34), (121, 34), (122, 34), (125, 34), (126, 34), (127, 34), (50, 36), (56, 72), (57, 72), (112, 72), (131, 72), (32, 73), (46, 73), (51, 73), (78, 73), (58, 74), (88, 74), (90, 74), (93, 74), (96, 74), (97, 74), (53, 105), (76, 105), (48, 109), (71, 109), (108, 109), (33, 110), (49, 110), (69, 104), (111, 104), (10, 17), (94, 17), (123, 17), (124, 17), (129, 17), (86, 52), (135, 52), (70, 54), (79, 54), (85, 54), (95, 54), (47, 55), (66, 89), (77, 91), (68, 92), (80, 92)]",469.03181068999993,25719.034879701005,"{34: 120.86303920500004, 36: 6.962563703999997, 72: 52.830030195999996, 73: 66.74617336399999, 74: 33.564474622000006, 105: 14.269575679999999, 109: 14.734206826999998, 110: 18.296707868, 104: 7.170578617, 17: 41.026573211000006, 52: 13.703189669000002, 54: 28.575398611, 55: 2.0580698179999994, 89: 6.59392216, 91: 25.960687643000004, 92: 15.676619494999995}",120.86303920500004,29.314488168125
15000,['104_17_15000_F'],"[('104', '17')]","['89', '34', '36', '72', '73', '74', '106', '105', '109', '110', '104', '17', '51', '52', '53', '54', '55', '57', '91', '92']",14975,77.48692322000002,0.589879035949707,"[89, 34, 36, 72, 73, 74, 106, 105, 109, 110, 104, 17, 51, 52, 53, 54, 55, 57, 91, 92]",20,"[(37, 89), (58, 89), (10, 34), (117, 34), (123, 34), (124, 34), (129, 34), (135, 34), (119, 36), (120, 36), (127, 36), (108, 72), (121, 72), (29, 73), (35, 73), (118, 73), (126, 73), (20, 74), (21, 74), (90, 105), (93, 105), (112, 105), (49, 110), (94, 110), (71, 104), (116, 17), (46, 51), (70, 51), (76, 51), (78, 51), (79, 51), (66, 52), (19, 53), (33, 53), (122, 53), (125, 53), (77, 54), (80, 54), (18, 55), (32, 55), (50, 55), (56, 55), (68, 55), (69, 55), (97, 55), (131, 55), (85, 91), (86, 91), (95, 91), (111, 91), (47, 92), (48, 92), (88, 92), (96, 92)]",405.84883017899995,27014.603957625004,"{89: 31.817048032000002, 34: 45.489672982, 36: 27.806607734000004, 72: 12.348418888999996, 73: 36.038352814, 74: 18.897906561, 105: 14.177086011999993, 110: 17.865527258, 104: 2.982234923000001, 17: 9.569369200000004, 51: 40.249706915999994, 52: 6.59392216, 53: 19.998678516000005, 54: 40.049689128, 55: 46.201719620999995, 91: 25.330932567999998, 92: 10.431956865}",46.201719620999995,23.873460598764705
16000,['104_17_15000_F'],"[('104', '17')]","['89', '34', '36', '72', '73', '74', '106', '105', '109', '110', '104', '17', '51', '52', '53', '54', '55', '57', '91', '92']",14975,77.48692322000002,0.9486031532287598,"[89, 34, 36, 72, 73, 74, 106, 105, 109, 110, 104, 17, 51, 52, 53, 54, 55, 57, 91, 92]",20,"[(37, 89), (58, 89), (10, 34), (117, 34), (123, 34), (124, 34), (129, 34), (135, 34), (119, 36), (120, 36), (127, 36), (108, 72), (121, 72), (29, 73), (35, 73), (118, 73), (126, 73), (20, 74), (21, 74), (90, 105), (93, 105), (112, 105), (49, 110), (94, 110), (71, 104), (116, 17), (46, 51), (70, 51), (76, 51), (78, 51), (79, 51), (66, 52), (19, 53), (33, 53), (122, 53), (125, 53), (77, 54), (80, 54), (18, 55), (32, 55), (50, 55), (56, 55), (68, 55), (69, 55), (97, 55), (131, 55), (85, 91), (86, 91), (95, 91), (111, 91), (47, 92), (48, 92), (88, 92), (96, 92)]",405.84883017899995,27014.603957625004,"{89: 31.817048032000002, 34: 45.489672982, 36: 27.806607734000004, 72: 12.348418888999996, 73: 36.038352814, 74: 18.897906561, 105: 14.177086011999993, 110: 17.865527258, 104: 2.982234923000001, 17: 9.569369200000004, 51: 40.249706915999994, 52: 6.59392216, 53: 19.998678516000005, 54: 40.049689128, 55: 46.201719620999995, 91: 25.330932567999998, 92: 10.431956865}",46.201719620999995,23.873460598764705
17000,['104_17_15000_F'],"[('104', '17')]","['89', '34', '36', '72', '73', '74', '106', '105', '109', '110', '104', '17', '51', '52', '53', '54', '55', '57', '91', '92']",14975,77.48692322000002,0.9484000205993652,"[89, 34, 36, 72, 73, 74, 106, 105, 109, 110, 104, 17, 51, 52, 53, 54, 55, 57, 91, 92]",20,"[(37, 89), (58, 89), (10, 34), (117, 34), (123, 34), (124, 34), (129, 34), (135, 34), (119, 36), (120, 36), (127, 36), (108, 72), (121, 72), (29, 73), (35, 73), (118, 73), (126, 73), (20, 74), (21, 74), (90, 105), (93, 105), (112, 105), (49, 110), (94, 110), (71, 104), (116, 17), (46, 51), (70, 51), (76, 51), (78, 51), (79, 51), (66, 52), (19, 53), (33, 53), (122, 53), (125, 53), (77, 54), (80, 54), (18, 55), (32, 55), (50, 55), (56, 55), (68, 55), (69, 55), (97, 55), (131, 55), (85, 91), (86, 91), (95, 91), (111, 91), (47, 92), (48, 92), (88, 92), (96, 92)]",405.84883017899995,27014.603957625004,"{89: 31.817048032000002, 34: 45.489672982, 36: 27.806607734000004, 72: 12.348418888999996, 73: 36.038352814, 74: 18.897906561, 105: 14.177086011999993, 110: 17.865527258, 104: 2.982234923000001, 17: 9.569369200000004, 51: 40.249706915999994, 52: 6.59392216, 53: 19.998678516000005, 54: 40.049689128, 55: 46.201719620999995, 91: 25.330932567999998, 92: 10.431956865}",46.201719620999995,23.873460598764705
18000,['17_104_17500_F'],"[('17', '104')]","['17', '32', '33', '34', '36', '51', '52', '55', '56', '58', '72', '73', '74', '77', '78', '89', '91', '92', '104', '105', '106', '109', '110']",17420,110.17596302999998,0.8056199550628662,"[17, 32, 33, 34, 36, 51, 52, 55, 56, 58, 72, 73, 74, 77, 78, 89, 91, 92, 104, 105, 106, 109, 110]",23,"[(10, 17), (68, 17), (69, 17), (131, 17), (20, 32), (117, 32), (129, 32), (37, 33), (66, 33), (85, 33), (126, 33), (71, 34), (76, 34), (119, 34), (124, 34), (121, 36), (19, 51), (47, 51), (88, 51), (116, 51), (123, 51), (80, 52), (48, 55), (93, 55), (97, 56), (18, 58), (50, 58), (35, 72), (46, 73), (96, 73), (111, 73), (125, 73), (127, 73), (49, 74), (86, 74), (108, 74), (112, 74), (135, 74), (21, 77), (70, 77), (118, 77), (120, 77), (54, 78), (57, 78), (90, 78), (122, 78), (79, 89), (94, 91), (53, 105), (29, 106), (95, 109)]",341.2531181239999,30355.069061337,"{17: 15.674792687, 32: 9.333412142999999, 33: 18.883351784000002, 34: 27.186959264000002, 36: 2.1367221640000005, 51: 27.050482748000004, 52: 14.089001484999995, 55: 2.674179885, 56: 1.4091879279999995, 58: 8.194783843999996, 72: 20.022103246999997, 73: 18.741144810999998, 74: 44.989325319999985, 77: 50.739969466000005, 78: 36.539938350999996, 89: 8.015985297000002, 91: 8.510288423000002, 105: 11.995211906999998, 106: 1.540275179, 109: 13.526002190999998}",50.739969466000005,17.0626559062
19000,['17_104_17500_F'],"[('17', '104')]","['17', '32', '33', '34', '36', '51', '52', '55', '56', '58', '72', '73', '74', '77', '78', '89', '91', '92', '104', '105', '106', '109', '110']",17420,110.17596302999998,0.7500791549682617,"[17, 32, 33, 34, 36, 51, 52, 55, 56, 58, 72, 73, 74, 77, 78, 89, 91, 92, 104, 105, 106, 109, 110]",23,"[(10, 17), (68, 17), (69, 17), (131, 17), (20, 32), (117, 32), (129, 32), (37, 33), (66, 33), (85, 33), (126, 33), (71, 34), (76, 34), (119, 34), (124, 34), (121, 36), (19, 51), (47, 51), (88, 51), (116, 51), (123, 51), (80, 52), (48, 55), (93, 55), (97, 56), (18, 58), (50, 58), (35, 72), (46, 73), (96, 73), (111, 73), (125, 73), (127, 73), (49, 74), (86, 74), (108, 74), (112, 74), (135, 74), (21, 77), (70, 77), (118, 77), (120, 77), (54, 78), (57, 78), (90, 78), (122, 78), (79, 89), (94, 91), (53, 105), (29, 106), (95, 109)]",341.2531181239999,30355.069061337,"{17: 15.674792687, 32: 9.333412142999999, 33: 18.883351784000002, 34: 27.186959264000002, 36: 2.1367221640000005, 51: 27.050482748000004, 52: 14.089001484999995, 55: 2.674179885, 56: 1.4091879279999995, 58: 8.194783843999996, 72: 20.022103246999997, 73: 18.741144810999998, 74: 44.989325319999985, 77: 50.739969466000005, 78: 36.539938350999996, 89: 8.015985297000002, 91: 8.510288423000002, 105: 11.995211906999998, 106: 1.540275179, 109: 13.526002190999998}",50.739969466000005,17.0626559062
20000,['17_104_20000_F'],"[('17', '104')]","['17', '32', '33', '34', '36', '51', '52', '54', '55', '56', '57', '58', '72', '73', '74', '77', '78', '89', '91', '92', '104', '105', '106', '108', '109', '110', '112']",19985,142.99756834900012,0.7666370868682861,"[17, 32, 33, 34, 36, 51, 52, 54, 55, 56, 57, 58, 72, 73, 74, 77, 78, 89, 91, 92, 104, 105, 106, 108, 109, 110, 112]",27,"[(10, 17), (124, 17), (116, 32), (127, 32), (129, 32), (118, 34), (120, 34), (135, 34), (18, 36), (117, 51), (35, 52), (21, 54), (29, 54), (37, 54), (46, 54), (95, 54), (96, 54), (50, 55), (68, 55), (69, 55), (121, 55), (49, 56), (70, 56), (123, 57), (122, 58), (126, 58), (66, 72), (76, 72), (79, 72), (80, 72), (85, 72), (86, 72), (88, 72), (90, 72), (53, 73), (131, 73), (48, 74), (111, 74), (125, 74), (19, 77), (20, 77), (94, 77), (97, 77), (119, 77), (71, 91), (93, 106), (47, 108)]",290.221484356,13717.630057025997,"{17: 20.278661220000004, 32: 15.887774614000003, 34: 37.11349500400001, 36: 1.23222014, 51: 5.171391981999999, 52: 20.022103246999997, 54: 46.349340815, 55: 13.500575114999998, 56: 14.841820418, 57: 11.031620876999998, 58: 7.904561141000001, 72: 42.078629961999994, 73: 18.851075044999998, 74: 8.78110204, 77: 21.002903289000002, 91: 2.982234923000001, 106: 1.1339047060000003, 108: 2.0580698179999994}",46.349340815,16.123415797555555
21000,['17_104_20000_F'],"[('17', '104')]","['17', '32', '33', '34', '36', '51', '52', '54', '55', '56', '57', '58', '72', '73', '74', '77', '78', '89', '91', '92', '104', '105', '106', '108', '109', '110', '112']",19985,142.99756834900012,0.7798850536346436,"[17, 32, 33, 34, 36, 51, 52, 54, 55, 56, 57, 58, 72, 73, 74, 77, 78, 89, 91, 92, 104, 105, 106, 108, 109, 110, 112]",27,"[(10, 17), (124, 17), (116, 32), (127, 32), (129, 32), (118, 34), (120, 34), (135, 34), (18, 36), (117, 51), (35, 52), (21, 54), (29, 54), (37, 54), (46, 54), (95, 54), (96, 54), (50, 55), (68, 55), (69, 55), (121, 55), (49, 56), (70, 56), (123, 57), (122, 58), (126, 58), (66, 72), (76, 72), (79, 72), (80, 72), (85, 72), (86, 72), (88, 72), (90, 72), (53, 73), (131, 73), (48, 74), (111, 74), (125, 74), (19, 77), (20, 77), (94, 77), (97, 77), (119, 77), (71, 91), (93, 106), (47, 108)]",290.221484356,13717.630057025997,"{17: 20.278661220000004, 32: 15.887774614000003, 34: 37.11349500400001, 36: 1.23222014, 51: 5.171391981999999, 52: 20.022103246999997, 54: 46.349340815, 55: 13.500575114999998, 56: 14.841820418, 57: 11.031620876999998, 58: 7.904561141000001, 72: 42.078629961999994, 73: 18.851075044999998, 74: 8.78110204, 77: 21.002903289000002, 91: 2.982234923000001, 106: 1.1339047060000003, 108: 2.0580698179999994}",46.349340815,16.123415797555555
22000,['17_104_20000_F'],"[('17', '104')]","['17', '32', '33', '34', '36', '51', '52', '54', '55', '56', '57', '58', '72', '73', '74', '77', '78', '89', '91', '92', '104', '105', '106', '108', '109', '110', '112']",19985,142.99756834900012,0.8828461170196533,"[17, 32, 33, 34, 36, 51, 52, 54, 55, 56, 57, 58, 72, 73, 74, 77, 78, 89, 91, 92, 104, 105, 106, 108, 109, 110, 112]",27,"[(10, 17), (124, 17), (116, 32), (127, 32), (129, 32), (118, 34), (120, 34), (135, 34), (18, 36), (117, 51), (35, 52), (21, 54), (29, 54), (37, 54), (46, 54), (95, 54), (96, 54), (50, 55), (68, 55), (69, 55), (121, 55), (49, 56), (70, 56), (123, 57), (122, 58), (126, 58), (66, 72), (76, 72), (79, 72), (80, 72), (85, 72), (86, 72), (88, 72), (90, 72), (53, 73), (131, 73), (48, 74), (111, 74), (125, 74), (19, 77), (20, 77), (94, 77), (97, 77), (119, 77), (71, 91), (93, 106), (47, 108)]",290.221484356,13717.630057025997,"{17: 20.278661220000004, 32: 15.887774614000003, 34: 37.11349500400001, 36: 1.23222014, 51: 5.171391981999999, 52: 20.022103246999997, 54: 46.349340815, 55: 13.500575114999998, 56: 14.841820418, 57: 11.031620876999998, 58: 7.904561141000001, 72: 42.078629961999994, 73: 18.851075044999998, 74: 8.78110204, 77: 21.002903289000002, 91: 2.982234923000001, 106: 1.1339047060000003, 108: 2.0580698179999994}",46.349340815,16.123415797555555
23000,"['17_104_20000_F', '86_104_spath']","[('17', '104'), ('86', '104')]","['17', '32', '33', '34', '36', '51', '52', '54', '55', '56', '57', '58', '72', '73', '74', '77', '78', '89', '91', '92', '104', '105', '106', '108', '109', '110', '112', '86', '88', '105', '104']",22655,148.65536084100032,1.091770887374878,"[17, 32, 33, 34, 36, 51, 52, 54, 55, 56, 57, 58, 72, 73, 74, 77, 78, 89, 91, 92, 104, 105, 106, 108, 109, 110, 112, 86, 88]",29,"[(10, 17), (20, 17), (97, 17), (126, 17), (35, 32), (122, 32), (129, 32), (50, 33), (53, 33), (85, 33), (94, 33), (127, 33), (96, 34), (37, 36), (21, 52), (116, 52), (117, 52), (118, 52), (123, 52), (131, 52), (19, 54), (80, 55), (121, 55), (79, 57), (93, 57), (119, 58), (124, 58), (95, 73), (18, 74), (111, 74), (135, 74), (66, 77), (68, 77), (69, 77), (70, 77), (120, 77), (125, 77), (49, 78), (29, 89), (46, 89), (90, 89), (47, 106), (48, 106), (76, 108), (71, 109)]",281.986937864,14453.117862342,"{17: 10.572186656999998, 32: 27.343326121999997, 33: 34.127296297, 34: 4.500258832999999, 36: 8.953259127, 52: 61.25676771900001, 54: 2.0580698179999994, 55: 16.225723648999995, 57: 9.149890003000003, 58: 21.930360568000005, 73: 13.526002190999998, 74: 13.391123732, 77: 35.99057783200001, 78: 9.355238835, 89: 4.751912788, 106: 3.5983449969999994, 108: 2.2743637730000006, 109: 2.982234923000001}",61.25676771900001,15.665940992444446
24000,"['17_104_20000_F', '86_104_spath']","[('17', '104'), ('86', '104')]","['17', '32', '33', '34', '36', '51', '52', '54', '55', '56', '57', '58', '72', '73', '74', '77', '78', '89', '91', '92', '104', '105', '106', '108', '109', '110', '112', '86', '88', '105', '104']",22655,148.65536084100032,0.8671078681945801,"[17, 32, 33, 34, 36, 51, 52, 54, 55, 56, 57, 58, 72, 73, 74, 77, 78, 89, 91, 92, 104, 105, 106, 108, 109, 110, 112, 86, 88]",29,"[(10, 17), (20, 17), (97, 17), (126, 17), (35, 32), (122, 32), (129, 32), (50, 33), (53, 33), (85, 33), (94, 33), (127, 33), (96, 34), (37, 36), (21, 52), (116, 52), (117, 52), (118, 52), (123, 52), (131, 52), (19, 54), (80, 55), (121, 55), (79, 57), (93, 57), (119, 58), (124, 58), (95, 73), (18, 74), (111, 74), (135, 74), (66, 77), (68, 77), (69, 77), (70, 77), (120, 77), (125, 77), (49, 78), (29, 89), (46, 89), (90, 89), (47, 106), (48, 106), (76, 108), (71, 109)]",281.986937864,14453.117862342,"{17: 10.572186656999998, 32: 27.343326121999997, 33: 34.127296297, 34: 4.500258832999999, 36: 8.953259127, 52: 61.25676771900001, 54: 2.0580698179999994, 55: 16.225723648999995, 57: 9.149890003000003, 58: 21.930360568000005, 73: 13.526002190999998, 74: 13.391123732, 77: 35.99057783200001, 78: 9.355238835, 89: 4.751912788, 106: 3.5983449969999994, 108: 2.2743637730000006, 109: 2.982234923000001}",61.25676771900001,15.665940992444446
25000,"['17_104_20000_F', '86_104_spath']","[('17', '104'), ('86', '104')]","['17', '32', '33', '34', '36', '51', '52', '54', '55', '56', '57', '58', '72', '73', '74', '77', '78', '89', '91', '92', '104', '105', '106', '108', '109', '110', '112', '86', '88', '105', '104']",22655,148.65536084100032,0.8877739906311035,"[17, 32, 33, 34, 36, 51, 52, 54, 55, 56, 57, 58, 72, 73, 74, 77, 78, 89, 91, 92, 104, 105, 106, 108, 109, 110, 112, 86, 88]",29,"[(10, 17), (20, 17), (97, 17), (126, 17), (35, 32), (122, 32), (129, 32), (50, 33), (53, 33), (85, 33), (94, 33), (127, 33), (96, 34), (37, 36), (21, 52), (116, 52), (117, 52), (118, 52), (123, 52), (131, 52), (19, 54), (80, 55), (121, 55), (79, 57), (93, 57), (119, 58), (124, 58), (95, 73), (18, 74), (111, 74), (135, 74), (66, 77), (68, 77), (69, 77), (70, 77), (120, 77), (125, 77), (49, 78), (29, 89), (46, 89), (90, 89), (47, 106), (48, 106), (76, 108), (71, 109)]",281.986937864,14453.117862342,"{17: 10.572186656999998, 32: 27.343326121999997, 33: 34.127296297, 34: 4.500258832999999, 36: 8.953259127, 52: 61.25676771900001, 54: 2.0580698179999994, 55: 16.225723648999995, 57: 9.149890003000003, 58: 21.930360568000005, 73: 13.526002190999998, 74: 13.391123732, 77: 35.99057783200001, 78: 9.355238835, 89: 4.751912788, 106: 3.5983449969999994, 108: 2.2743637730000006, 109: 2.982234923000001}",61.25676771900001,15.665940992444446
26000,"['17_104_20000_F', '86_104_spath']","[('17', '104'), ('86', '104')]","['17', '32', '33', '34', '36', '51', '52', '54', '55', '56', '57', '58', '72', '73', '74', '77', '78', '89', '91', '92', '104', '105', '106', '108', '109', '110', '112', '86', '88', '105', '104']",22655,148.65536084100032,1.3788208961486816,"[17, 32, 33, 34, 36, 51, 52, 54, 55, 56, 57, 58, 72, 73, 74, 77, 78, 89, 91, 92, 104, 105, 106, 108, 109, 110, 112, 86, 88]",29,"[(10, 17), (20, 17), (97, 17), (126, 17), (35, 32), (122, 32), (129, 32), (50, 33), (53, 33), (85, 33), (94, 33), (127, 33), (96, 34), (37, 36), (21, 52), (116, 52), (117, 52), (118, 52), (123, 52), (131, 52), (19, 54), (80, 55), (121, 55), (79, 57), (93, 57), (119, 58), (124, 58), (95, 73), (18, 74), (111, 74), (135, 74), (66, 77), (68, 77), (69, 77), (70, 77), (120, 77), (125, 77), (49, 78), (29, 89), (46, 89), (90, 89), (47, 106), (48, 106), (76, 108), (71, 109)]",281.986937864,14453.117862342,"{17: 10.572186656999998, 32: 27.343326121999997, 33: 34.127296297, 34: 4.500258832999999, 36: 8.953259127, 52: 61.25676771900001, 54: 2.0580698179999994, 55: 16.225723648999995, 57: 9.149890003000003, 58: 21.930360568000005, 73: 13.526002190999998, 74: 13.391123732, 77: 35.99057783200001, 78: 9.355238835, 89: 4.751912788, 106: 3.5983449969999994, 108: 2.2743637730000006, 109: 2.982234923000001}",61.25676771900001,15.665940992444446
27000,"['17_104_20000_F', '86_104_spath']","[('17', '104'), ('86', '104')]","['17', '32', '33', '34', '36', '51', '52', '54', '55', '56', '57', '58', '72', '73', '74', '77', '78', '89', '91', '92', '104', '105', '106', '108', '109', '110', '112', '86', '88', '105', '104']",22655,148.65536084100032,1.4008491039276123,"[17, 32, 33, 34, 36, 51, 52, 54, 55, 56, 57, 58, 72, 73, 74, 77, 78, 89, 91, 92, 104, 105, 106, 108, 109, 110, 112, 86, 88]",29,"[(10, 17), (20, 17), (97, 17), (126, 17), (35, 32), (122, 32), (129, 32), (50, 33), (53, 33), (85, 33), (94, 33), (127, 33), (96, 34), (37, 36), (21, 52), (116, 52), (117, 52), (118, 52), (123, 52), (131, 52), (19, 54), (80, 55), (121, 55), (79, 57), (93, 57), (119, 58), (124, 58), (95, 73), (18, 74), (111, 74), (135, 74), (66, 77), (68, 77), (69, 77), (70, 77), (120, 77), (125, 77), (49, 78), (29, 89), (46, 89), (90, 89), (47, 106), (48, 106), (76, 108), (71, 109)]",281.986937864,14453.117862342,"{17: 10.572186656999998, 32: 27.343326121999997, 33: 34.127296297, 34: 4.500258832999999, 36: 8.953259127, 52: 61.25676771900001, 54: 2.0580698179999994, 55: 16.225723648999995, 57: 9.149890003000003, 58: 21.930360568000005, 73: 13.526002190999998, 74: 13.391123732, 77: 35.99057783200001, 78: 9.355238835, 89: 4.751912788, 106: 3.5983449969999994, 108: 2.2743637730000006, 109: 2.982234923000001}",61.25676771900001,15.665940992444446
28000,"['96_104_17500_F', '104_86_10000_F']","[('96', '104'), ('104', '86')]","['32', '33', '34', '36', '51', '52', '54', '55', '57', '58', '72', '73', '74', '77', '78', '79', '89', '91', '94', '96', '104', '105', '106', '109', '68', '71', '104', '105', '106', '108', '109', '110', '111', '112', '86', '89', '91', '92']",27468,154.33135522400045,1.2223799228668213,"[32, 33, 34, 36, 51, 52, 54, 55, 57, 58, 72, 73, 74, 77, 78, 79, 89, 91, 94, 96, 104, 105, 106, 109, 68, 71, 108, 110, 111, 112, 86, 92]",32,"[(10, 32), (50, 32), (20, 33), (70, 33), (76, 34), (126, 34), (127, 34), (123, 36), (29, 51), (49, 51), (88, 51), (47, 52), (97, 54), (117, 54), (124, 54), (135, 54), (48, 55), (116, 55), (118, 55), (131, 55), (46, 58), (37, 72), (53, 72), (80, 72), (85, 72), (21, 73), (35, 73), (95, 74), (129, 74), (120, 77), (121, 77), (122, 77), (19, 78), (119, 78), (18, 79), (56, 94), (90, 94), (125, 96), (66, 68), (17, 71), (69, 111), (93, 111)]",273.49427164400004,18660.175126813,"{32: 11.380204005999996, 33: 8.442599052999999, 34: 9.176107453, 36: 11.031620876999998, 51: 13.228867049000002, 52: 2.0580698179999994, 54: 30.243597040000004, 55: 30.652140948000007, 58: 1.8876563940000002, 72: 36.584302058999995, 73: 35.963992338, 74: 14.732004881999998, 77: 24.87680770900001, 78: 8.127409468, 79: 1.23222014, 94: 16.303200562, 96: 2.8839194810000013, 68: 6.59392216, 71: 4.148054264, 111: 3.9475759430000013}",36.584302058999995,13.674713582199999
29000,"['104_10_20000_F', '104_121_spath']","[('104', '10'), ('104', '121')]","['10', '21', '34', '35', '36', '51', '52', '53', '54', '55', '57', '58', '72', '73', '74', '77', '78', '89', '91', '92', '104', '105', '106', '109', '110', '116', '104', '105', '88', '89', '72', '73', '54', '55', '56', '121']",28457,154.7506338130001,1.2047109603881836,"[10, 21, 34, 35, 36, 51, 52, 53, 54, 55, 57, 58, 72, 73, 74, 77, 78, 89, 91, 92, 104, 105, 106, 109, 110, 116, 88, 56, 121]",29,"[(17, 10), (135, 21), (29, 34), (32, 34), (120, 34), (118, 35), (124, 35), (125, 35), (131, 35), (18, 36), (19, 36), (33, 36), (76, 36), (123, 36), (127, 36), (37, 51), (86, 51), (119, 51), (20, 52), (70, 52), (47, 53), (49, 53), (96, 53), (97, 53), (112, 53), (80, 77), (126, 77), (46, 91), (66, 91), (68, 91), (69, 91), (85, 91), (50, 92), (90, 109), (94, 109), (95, 109), (129, 116), (71, 88), (93, 88), (108, 88), (111, 88), (48, 56), (79, 121), (117, 121), (122, 121)]",269.18699164000003,14322.392378194998,"{10: 4.148054264, 21: 7.8019962120000015, 34: 28.526516657000002, 35: 38.28743696800001, 36: 30.650146363999998, 51: 20.923792234, 52: 8.442599052999999, 53: 29.04195550499999, 77: 15.878342441999996, 91: 14.429697341000002, 92: 6.962563703999997, 109: 23.360271829, 116: 1.206002691, 88: 18.684743733999994, 56: 1.540275179, 121: 19.302597463}",38.28743696800001,16.8241869775
30000,"['104_10_20000_F', '104_86_10000_F']","[('104', '10'), ('104', '86')]","['10', '21', '34', '35', '36', '51', '52', '53', '54', '55', '57', '58', '72', '73', '74', '77', '78', '89', '91', '92', '104', '105', '106', '109', '110', '116', '68', '71', '104', '105', '106', '108', '109', '110', '111', '112', '86', '89', '91', '92']",29966,168.2001501980004,0.9746139049530029,"[10, 21, 34, 35, 36, 51, 52, 53, 54, 55, 57, 58, 72, 73, 74, 77, 78, 89, 91, 92, 104, 105, 106, 109, 110, 116, 68, 71, 108, 111, 112, 86]",32,"[(17, 10), (29, 21), (124, 21), (48, 34), (18, 35), (76, 36), (94, 36), (50, 52), (56, 52), (66, 52), (20, 53), (70, 53), (97, 53), (117, 53), (131, 53), (33, 54), (118, 54), (123, 55), (129, 55), (47, 57), (126, 57), (32, 72), (69, 72), (119, 72), (85, 73), (19, 77), (37, 77), (49, 77), (88, 77), (122, 77), (80, 78), (90, 78), (96, 78), (125, 78), (127, 78), (120, 116), (121, 116), (135, 116), (46, 68), (93, 71), (95, 111), (79, 112)]",251.87743559999998,10643.394602688,"{10: 4.148054264, 21: 17.401296097000003, 34: 1.540275179, 35: 1.23222014, 36: 10.784652196000003, 52: 28.535705211, 53: 21.879042100999996, 54: 21.628102464, 55: 12.237623567999998, 57: 3.8474107749999997, 72: 19.244387004, 73: 1.5468295400000003, 77: 28.815140999000004, 78: 27.909563736999996, 116: 26.56358373700001, 68: 1.8876563940000002, 71: 1.1339047060000003, 111: 13.526002190999998, 112: 8.015985297000002}",28.815140999000004,13.256707136842106
31000,"['104_10_20000_F', '104_86_10000_F']","[('104', '10'), ('104', '86')]","['10', '21', '34', '35', '36', '51', '52', '53', '54', '55', '57', '58', '72', '73', '74', '77', '78', '89', '91', '92', '104', '105', '106', '109', '110', '116', '68', '71', '104', '105', '106', '108', '109', '110', '111', '112', '86', '89', '91', '92']",29966,168.2001501980004,0.8694610595703125,"[10, 21, 34, 35, 36, 51, 52, 53, 54, 55, 57, 58, 72, 73, 74, 77, 78, 89, 91, 92, 104, 105, 106, 109, 110, 116, 68, 71, 108, 111, 112, 86]",32,"[(17, 10), (29, 21), (124, 21), (48, 34), (18, 35), (76, 36), (94, 36), (50, 52), (56, 52), (66, 52), (20, 53), (70, 53), (97, 53), (117, 53), (131, 53), (33, 54), (118, 54), (123, 55), (129, 55), (47, 57), (126, 57), (32, 72), (69, 72), (119, 72), (85, 73), (19, 77), (37, 77), (49, 77), (88, 77), (122, 77), (80, 78), (90, 78), (96, 78), (125, 78), (127, 78), (120, 116), (121, 116), (135, 116), (46, 68), (93, 71), (95, 111), (79, 112)]",251.87743559999998,10643.394602688,"{10: 4.148054264, 21: 17.401296097000003, 34: 1.540275179, 35: 1.23222014, 36: 10.784652196000003, 52: 28.535705211, 53: 21.879042100999996, 54: 21.628102464, 55: 12.237623567999998, 57: 3.8474107749999997, 72: 19.244387004, 73: 1.5468295400000003, 77: 28.815140999000004, 78: 27.909563736999996, 116: 26.56358373700001, 68: 1.8876563940000002, 71: 1.1339047060000003, 111: 13.526002190999998, 112: 8.015985297000002}",28.815140999000004,13.256707136842106
32000,"['104_10_20000_F', '104_86_10000_F']","[('104', '10'), ('104', '86')]","['10', '21', '34', '35', '36', '51', '52', '53', '54', '55', '57', '58', '72', '73', '74', '77', '78', '89', '91', '92', '104', '105', '106', '109', '110', '116', '68', '71', '104', '105', '106', '108', '109', '110', '111', '112', '86', '89', '91', '92']",29966,168.2001501980004,1.2104129791259766,"[10, 21, 34, 35, 36, 51, 52, 53, 54, 55, 57, 58, 72, 73, 74, 77, 78, 89, 91, 92, 104, 105, 106, 109, 110, 116, 68, 71, 108, 111, 112, 86]",32,"[(17, 10), (29, 21), (124, 21), (48, 34), (18, 35), (76, 36), (94, 36), (50, 52), (56, 52), (66, 52), (20, 53), (70, 53), (97, 53), (117, 53), (131, 53), (33, 54), (118, 54), (123, 55), (129, 55), (47, 57), (126, 57), (32, 72), (69, 72), (119, 72), (85, 73), (19, 77), (37, 77), (49, 77), (88, 77), (122, 77), (80, 78), (90, 78), (96, 78), (125, 78), (127, 78), (120, 116), (121, 116), (135, 116), (46, 68), (93, 71), (95, 111), (79, 112)]",251.87743559999998,10643.394602688,"{10: 4.148054264, 21: 17.401296097000003, 34: 1.540275179, 35: 1.23222014, 36: 10.784652196000003, 52: 28.535705211, 53: 21.879042100999996, 54: 21.628102464, 55: 12.237623567999998, 57: 3.8474107749999997, 72: 19.244387004, 73: 1.5468295400000003, 77: 28.815140999000004, 78: 27.909563736999996, 116: 26.56358373700001, 68: 1.8876563940000002, 71: 1.1339047060000003, 111: 13.526002190999998, 112: 8.015985297000002}",28.815140999000004,13.256707136842106
33000,"['104_10_12500_F', '17_104_20000_F']","[('104', '10'), ('17', '104')]","['34', '35', '36', '72', '73', '10', '106', '105', '109', '104', '116', '21', '52', '55', '54', '89', '91', '17', '32', '33', '34', '36', '51', '52', '54', '55', '56', '57', '58', '72', '73', '74', '77', '78', '89', '91', '92', '104', '105', '106', '108', '109', '110', '112']",32450,176.4798685350003,0.8943071365356445,"[34, 35, 36, 72, 73, 10, 106, 105, 109, 104, 116, 21, 52, 55, 54, 89, 91, 17, 32, 33, 51, 56, 57, 58, 74, 77, 78, 92, 108, 110, 112]",31,"[(18, 35), (20, 35), (53, 35), (71, 35), (48, 10), (66, 17), (68, 32), (90, 32), (29, 33), (37, 33), (19, 51), (69, 51), (79, 51), (94, 51), (96, 51), (97, 51), (117, 51), (118, 51), (119, 51), (120, 51), (121, 51), (122, 51), (123, 51), (124, 51), (127, 51), (46, 56), (126, 56), (125, 57), (135, 57), (70, 58), (131, 58), (76, 74), (95, 74), (111, 74), (80, 77), (129, 77), (93, 78), (85, 92), (86, 92), (88, 92), (47, 108), (49, 110), (50, 112)]",240.27048251600002,23979.903748852,"{35: 19.165684439999996, 10: 1.540275179, 17: 6.59392216, 32: 2.911599225, 33: 10.493534306, 51: 108.11667882600001, 56: 3.6769973510000007, 57: 10.685915693000002, 58: 12.342444721, 74: 20.157273343999996, 77: 15.295004175999996, 78: 1.1339047060000003, 92: 9.781376032, 108: 2.0580698179999994, 110: 9.355238835, 112: 6.962563703999997}",108.11667882600001,15.016905157250001
34000,"['104_10_12500_F', '17_104_20000_F']","[('104', '10'), ('17', '104')]","['34', '35', '36', '72', '73', '10', '106', '105', '109', '104', '116', '21', '52', '55', '54', '89', '91', '17', '32', '33', '34', '36', '51', '52', '54', '55', '56', '57', '58', '72', '73', '74', '77', '78', '89', '91', '92', '104', '105', '106', '108', '109', '110', '112']",32450,176.4798685350003,0.8787901401519775,"[34, 35, 36, 72, 73, 10, 106, 105, 109, 104, 116, 21, 52, 55, 54, 89, 91, 17, 32, 33, 51, 56, 57, 58, 74, 77, 78, 92, 108, 110, 112]",31,"[(18, 35), (20, 35), (53, 35), (71, 35), (48, 10), (66, 17), (68, 32), (90, 32), (29, 33), (37, 33), (19, 51), (69, 51), (79, 51), (94, 51), (96, 51), (97, 51), (117, 51), (118, 51), (119, 51), (120, 51), (121, 51), (122, 51), (123, 51), (124, 51), (127, 51), (46, 56), (126, 56), (125, 57), (135, 57), (70, 58), (131, 58), (76, 74), (95, 74), (111, 74), (80, 77), (129, 77), (93, 78), (85, 92), (86, 92), (88, 92), (47, 108), (49, 110), (50, 112)]",240.27048251600002,23979.903748852,"{35: 19.165684439999996, 10: 1.540275179, 17: 6.59392216, 32: 2.911599225, 33: 10.493534306, 51: 108.11667882600001, 56: 3.6769973510000007, 57: 10.685915693000002, 58: 12.342444721, 74: 20.157273343999996, 77: 15.295004175999996, 78: 1.1339047060000003, 92: 9.781376032, 108: 2.0580698179999994, 110: 9.355238835, 112: 6.962563703999997}",108.11667882600001,15.016905157250001
35000,"['104_10_15000_F', '17_104_20000_F']","[('104', '10'), ('17', '104')]","['10', '21', '34', '35', '36', '52', '54', '55', '72', '73', '74', '89', '91', '92', '104', '105', '106', '109', '110', '116', '117', '17', '32', '33', '34', '36', '51', '52', '54', '55', '56', '57', '58', '72', '73', '74', '77', '78', '89', '91', '92', '104', '105', '106', '108', '109', '110', '112']",34914,180.42460811500027,1.400367021560669,"[10, 21, 34, 35, 36, 52, 54, 55, 72, 73, 74, 89, 91, 92, 104, 105, 106, 109, 110, 116, 117, 17, 32, 33, 51, 56, 57, 58, 77, 78, 108, 112]",32,"[(18, 10), (19, 10), (70, 21), (124, 21), (46, 35), (69, 35), (119, 35), (131, 116), (47, 117), (48, 117), (80, 117), (20, 17), (76, 32), (85, 32), (86, 32), (88, 32), (90, 32), (94, 33), (97, 33), (118, 33), (129, 51), (79, 56), (29, 57), (121, 57), (122, 57), (127, 57), (37, 58), (49, 58), (93, 58), (120, 58), (135, 58), (50, 77), (95, 77), (123, 77), (126, 77), (53, 78), (71, 78), (125, 78), (66, 108), (68, 108), (96, 108), (111, 108)]",235.09909053400003,10767.647895089,"{10: 3.2902899579999993, 21: 21.347602501000004, 35: 10.770667281000001, 116: 6.855863138, 117: 17.687346481999995, 17: 2.956017469999999, 32: 13.379721020000002, 33: 22.606109782000004, 51: 1.206002691, 56: 8.015985297000002, 57: 14.90462025, 58: 43.869264241, 77: 33.309527728999996, 78: 17.861366310999998, 108: 17.038706382999997}",43.869264241,15.673272702266667
36000,"['104_10_12500_F', '17_104_20000_F', '86_104_spath']","[('104', '10'), ('17', '104'), ('86', '104')]","['34', '35', '36', '72', '73', '10', '106', '105', '109', '104', '116', '21', '52', '55', '54', '89', '91', '17', '32', '33', '34', '36', '51', '52', '54', '55', '56', '57', '58', '72', '73', '74', '77', '78', '89', '91', '92', '104', '105', '106', '108', '109', '110', '112', '86', '88', '105', '104']",35120,182.6203785530004,0.9840390682220459,"[34, 35, 36, 72, 73, 10, 106, 105, 109, 104, 116, 21, 52, 55, 54, 89, 91, 17, 32, 33, 51, 56, 57, 58, 74, 77, 78, 92, 108, 110, 112, 86, 88]",33,"[(18, 35), (47, 35), (118, 35), (127, 35), (131, 35), (135, 35), (19, 116), (37, 116), (120, 116), (122, 116), (20, 21), (29, 21), (126, 17), (93, 32), (90, 33), (96, 51), (97, 51), (69, 56), (79, 56), (119, 56), (123, 57), (46, 58), (117, 58), (121, 58), (129, 58), (71, 74), (76, 74), (95, 74), (111, 74), (124, 74), (125, 74), (68, 77), (50, 92), (48, 108), (49, 108), (70, 108), (53, 110), (80, 110), (85, 110), (94, 86), (66, 88)]",232.03593602399997,11854.532398176001,"{35: 35.747185462, 116: 33.75141449000001, 21: 4.496292648999999, 17: 1.7893409570000003, 32: 1.1339047060000003, 33: 1.3239812149999997, 51: 5.909446760999999, 56: 16.898996184000005, 57: 11.031620876999998, 58: 10.401773231, 74: 41.884448666000004, 77: 1.5876180100000001, 92: 6.962563703999997, 108: 16.382095597, 110: 27.631042931999996, 86: 8.510288423000002, 88: 6.59392216}",41.884448666000004,13.649172707294117
37000,"['104_10_12500_F', '17_104_20000_F', '86_104_spath']","[('104', '10'), ('17', '104'), ('86', '104')]","['34', '35', '36', '72', '73', '10', '106', '105', '109', '104', '116', '21', '52', '55', '54', '89', '91', '17', '32', '33', '34', '36', '51', '52', '54', '55', '56', '57', '58', '72', '73', '74', '77', '78', '89', '91', '92', '104', '105', '106', '108', '109', '110', '112', '86', '88', '105', '104']",35120,182.6203785530004,1.1124930381774902,"[34, 35, 36, 72, 73, 10, 106, 105, 109, 104, 116, 21, 52, 55, 54, 89, 91, 17, 32, 33, 51, 56, 57, 58, 74, 77, 78, 92, 108, 110, 112, 86, 88]",33,"[(18, 35), (47, 35), (118, 35), (127, 35), (131, 35), (135, 35), (19, 116), (37, 116), (120, 116), (122, 116), (20, 21), (29, 21), (126, 17), (93, 32), (90, 33), (96, 51), (97, 51), (69, 56), (79, 56), (119, 56), (123, 57), (46, 58), (117, 58), (121, 58), (129, 58), (71, 74), (76, 74), (95, 74), (111, 74), (124, 74), (125, 74), (68, 77), (50, 92), (48, 108), (49, 108), (70, 108), (53, 110), (80, 110), (85, 110), (94, 86), (66, 88)]",232.03593602399997,11854.532398176001,"{35: 35.747185462, 116: 33.75141449000001, 21: 4.496292648999999, 17: 1.7893409570000003, 32: 1.1339047060000003, 33: 1.3239812149999997, 51: 5.909446760999999, 56: 16.898996184000005, 57: 11.031620876999998, 58: 10.401773231, 74: 41.884448666000004, 77: 1.5876180100000001, 92: 6.962563703999997, 108: 16.382095597, 110: 27.631042931999996, 86: 8.510288423000002, 88: 6.59392216}",41.884448666000004,13.649172707294117
38000,"['104_10_15000_F', '17_104_20000_F', '86_104_spath']","[('104', '10'), ('17', '104'), ('86', '104')]","['10', '21', '34', '35', '36', '52', '54', '55', '72', '73', '74', '89', '91', '92', '104', '105', '106', '109', '110', '116', '117', '17', '32', '33', '34', '36', '51', '52', '54', '55', '56', '57', '58', '72', '73', '74', '77', '78', '89', '91', '92', '104', '105', '106', '108', '109', '110', '112', '86', '88', '105', '104']",37584,186.58026199000037,0.9982891082763672,"[10, 21, 34, 35, 36, 52, 54, 55, 72, 73, 74, 89, 91, 92, 104, 105, 106, 109, 110, 116, 117, 17, 32, 33, 51, 56, 57, 58, 77, 78, 108, 112, 86, 88]",34,"[(18, 10), (135, 21), (120, 35), (76, 117), (121, 117), (124, 117), (127, 117), (131, 117), (19, 32), (53, 32), (47, 33), (71, 33), (96, 33), (97, 33), (118, 33), (20, 51), (49, 51), (90, 51), (122, 51), (29, 56), (119, 56), (46, 58), (68, 58), (80, 58), (129, 58), (37, 77), (95, 77), (50, 78), (123, 78), (125, 78), (126, 78), (85, 108), (111, 108), (69, 112), (93, 112), (66, 86), (94, 86), (48, 88), (70, 88), (79, 88)]",226.864544042,8809.132348540003,"{10: 1.23222014, 21: 7.8019962120000015, 35: 16.624865361000005, 117: 32.240372716, 32: 14.053281724999998, 33: 23.636384933000002, 51: 19.750457704, 56: 7.609614829, 58: 18.770278579999992, 77: 22.479261318, 78: 22.667445019, 108: 5.903736919999999, 112: 3.9475759430000013, 86: 15.104210583000002, 88: 15.042842059000002}",32.240372716,15.124302936133335
39000,"['104_10_15000_F', '17_104_20000_F', '86_104_spath']","[('104', '10'), ('17', '104'), ('86', '104')]","['10', '21', '34', '35', '36', '52', '54', '55', '72', '73', '74', '89', '91', '92', '104', '105', '106', '109', '110', '116', '117', '17', '32', '33', '34', '36', '51', '52', '54', '55', '56', '57', '58', '72', '73', '74', '77', '78', '89', '91', '92', '104', '105', '106', '108', '109', '110', '112', '86', '88', '105', '104']",37584,186.58026199000037,1.242309808731079,"[10, 21, 34, 35, 36, 52, 54, 55, 72, 73, 74, 89, 91, 92, 104, 105, 106, 109, 110, 116, 117, 17, 32, 33, 51, 56, 57, 58, 77, 78, 108, 112, 86, 88]",34,"[(18, 10), (135, 21), (120, 35), (76, 117), (121, 117), (124, 117), (127, 117), (131, 117), (19, 32), (53, 32), (47, 33), (71, 33), (96, 33), (97, 33), (118, 33), (20, 51), (49, 51), (90, 51), (122, 51), (29, 56), (119, 56), (46, 58), (68, 58), (80, 58), (129, 58), (37, 77), (95, 77), (50, 78), (123, 78), (125, 78), (126, 78), (85, 108), (111, 108), (69, 112), (93, 112), (66, 86), (94, 86), (48, 88), (70, 88), (79, 88)]",226.864544042,8809.132348540003,"{10: 1.23222014, 21: 7.8019962120000015, 35: 16.624865361000005, 117: 32.240372716, 32: 14.053281724999998, 33: 23.636384933000002, 51: 19.750457704, 56: 7.609614829, 58: 18.770278579999992, 77: 22.479261318, 78: 22.667445019, 108: 5.903736919999999, 112: 3.9475759430000013, 86: 15.104210583000002, 88: 15.042842059000002}",32.240372716,15.124302936133335
40000,"['104_135_spath', '104_10_20000_F', '104_86_10000_F']","[('104', '135'), ('104', '10'), ('104', '86')]","['104', '105', '88', '89', '72', '76', '79', '80', '135', '10', '21', '34', '35', '36', '51', '52', '53', '54', '55', '57', '58', '72', '73', '74', '77', '78', '89', '91', '92', '104', '105', '106', '109', '110', '116', '68', '71', '104', '105', '106', '108', '109', '110', '111', '112', '86', '89', '91', '92']",39399,192.10939873200033,0.8573939800262451,"[104, 105, 88, 89, 72, 76, 79, 80, 135, 10, 21, 34, 35, 36, 51, 52, 53, 54, 55, 57, 58, 73, 74, 77, 78, 91, 92, 106, 109, 110, 116, 68, 71, 108, 111, 112, 86]",37,"[(32, 88), (17, 76), (19, 76), (50, 79), (66, 79), (20, 80), (124, 21), (125, 21), (18, 34), (37, 35), (56, 35), (120, 35), (121, 35), (119, 36), (129, 36), (33, 51), (29, 52), (49, 52), (122, 52), (48, 53), (85, 54), (47, 55), (70, 55), (97, 55), (117, 55), (127, 55), (94, 57), (126, 73), (46, 74), (118, 74), (123, 74), (131, 78), (93, 108), (69, 111), (95, 111), (96, 111), (90, 112)]",217.362735798,9296.871117596,"{88: 10.361376116999999, 76: 6.206124081999999, 79: 13.556485863999997, 80: 2.956017469999999, 21: 18.744940399000004, 34: 1.23222014, 35: 42.694065999, 36: 7.275342341, 51: 8.941469033, 52: 17.010734198, 53: 1.540275179, 54: 1.5468295400000003, 55: 19.237634033999996, 57: 8.510288423000002, 73: 1.7893409570000003, 74: 25.605910702, 78: 6.855863138, 108: 1.1339047060000003, 111: 20.839932260999998, 112: 1.3239812149999997}",42.694065999,10.8681367899
41000,"['104_135_spath', '104_10_20000_F', '104_86_10000_F']","[('104', '135'), ('104', '10'), ('104', '86')]","['104', '105', '88', '89', '72', '76', '79', '80', '135', '10', '21', '34', '35', '36', '51', '52', '53', '54', '55', '57', '58', '72', '73', '74', '77', '78', '89', '91', '92', '104', '105', '106', '109', '110', '116', '68', '71', '104', '105', '106', '108', '109', '110', '111', '112', '86', '89', '91', '92']",39399,192.10939873200033,1.2673330307006836,"[104, 105, 88, 89, 72, 76, 79, 80, 135, 10, 21, 34, 35, 36, 51, 52, 53, 54, 55, 57, 58, 73, 74, 77, 78, 91, 92, 106, 109, 110, 116, 68, 71, 108, 111, 112, 86]",37,"[(32, 88), (17, 76), (19, 76), (50, 79), (66, 79), (20, 80), (124, 21), (125, 21), (18, 34), (37, 35), (56, 35), (120, 35), (121, 35), (119, 36), (129, 36), (33, 51), (29, 52), (49, 52), (122, 52), (48, 53), (85, 54), (47, 55), (70, 55), (97, 55), (117, 55), (127, 55), (94, 57), (126, 73), (46, 74), (118, 74), (123, 74), (131, 78), (93, 108), (69, 111), (95, 111), (96, 111), (90, 112)]",217.362735798,9296.871117596,"{88: 10.361376116999999, 76: 6.206124081999999, 79: 13.556485863999997, 80: 2.956017469999999, 21: 18.744940399000004, 34: 1.23222014, 35: 42.694065999, 36: 7.275342341, 51: 8.941469033, 52: 17.010734198, 53: 1.540275179, 54: 1.5468295400000003, 55: 19.237634033999996, 57: 8.510288423000002, 73: 1.7893409570000003, 74: 25.605910702, 78: 6.855863138, 108: 1.1339047060000003, 111: 20.839932260999998, 112: 1.3239812149999997}",42.694065999,10.8681367899
42000,"['104_135_spath', '104_10_12500_F', '17_104_20000_F']","[('104', '135'), ('104', '10'), ('17', '104')]","['104', '105', '88', '89', '72', '76', '79', '80', '135', '34', '35', '36', '72', '73', '10', '106', '105', '109', '104', '116', '21', '52', '55', '54', '89', '91', '17', '32', '33', '34', '36', '51', '52', '54', '55', '56', '57', '58', '72', '73', '74', '77', '78', '89', '91', '92', '104', '105', '106', '108', '109', '110', '112']",41883,200.93019909100042,0.5539340972900391,"[104, 105, 88, 89, 72, 76, 79, 80, 135, 34, 35, 36, 73, 10, 106, 109, 116, 21, 52, 55, 54, 91, 17, 32, 33, 51, 56, 57, 58, 74, 77, 78, 92, 108, 110, 112]",36,"[(50, 88), (86, 76), (131, 76), (47, 80), (37, 135), (71, 35), (29, 10), (125, 10), (126, 10), (48, 116), (97, 17), (117, 17), (118, 17), (119, 17), (120, 17), (121, 17), (122, 17), (123, 17), (19, 32), (20, 32), (53, 33), (46, 51), (127, 51), (129, 51), (69, 57), (70, 57), (49, 58), (66, 58), (68, 58), (90, 58), (94, 74), (95, 74), (111, 74), (124, 74), (18, 78), (93, 78), (85, 92), (96, 92)]",205.75578271400005,8857.777918593,"{88: 6.962563703999997, 76: 12.757056595000002, 80: 2.0580698179999994, 135: 8.953259127, 35: 2.982234923000001, 10: 6.213535617000002, 116: 1.540275179, 17: 61.244981577000004, 32: 5.014087287999999, 33: 11.995211906999998, 51: 8.206061808, 57: 8.30025282, 58: 18.86076022, 74: 42.254218912000006, 78: 2.366124846, 92: 6.047088372999999}",61.244981577000004,12.859736419625001
43000,"['104_135_spath', '104_10_12500_F', '17_104_20000_F']","[('104', '135'), ('104', '10'), ('17', '104')]","['104', '105', '88', '89', '72', '76', '79', '80', '135', '34', '35', '36', '72', '73', '10', '106', '105', '109', '104', '116', '21', '52', '55', '54', '89', '91', '17', '32', '33', '34', '36', '51', '52', '54', '55', '56', '57', '58', '72', '73', '74', '77', '78', '89', '91', '92', '104', '105', '106', '108', '109', '110', '112']",41883,200.93019909100042,0.8104369640350342,"[104, 105, 88, 89, 72, 76, 79, 80, 135, 34, 35, 36, 73, 10, 106, 109, 116, 21, 52, 55, 54, 91, 17, 32, 33, 51, 56, 57, 58, 74, 77, 78, 92, 108, 110, 112]",36,"[(50, 88), (86, 76), (131, 76), (47, 80), (37, 135), (71, 35), (29, 10), (125, 10), (126, 10), (48, 116), (97, 17), (117, 17), (118, 17), (119, 17), (120, 17), (121, 17), (122, 17), (123, 17), (19, 32), (20, 32), (53, 33), (46, 51), (127, 51), (129, 51), (69, 57), (70, 57), (49, 58), (66, 58), (68, 58), (90, 58), (94, 74), (95, 74), (111, 74), (124, 74), (18, 78), (93, 78), (85, 92), (96, 92)]",205.75578271400005,8857.777918593,"{88: 6.962563703999997, 76: 12.757056595000002, 80: 2.0580698179999994, 135: 8.953259127, 35: 2.982234923000001, 10: 6.213535617000002, 116: 1.540275179, 17: 61.244981577000004, 32: 5.014087287999999, 33: 11.995211906999998, 51: 8.206061808, 57: 8.30025282, 58: 18.86076022, 74: 42.254218912000006, 78: 2.366124846, 92: 6.047088372999999}",61.244981577000004,12.859736419625001
44000,"['104_135_spath', '104_10_12500_F', '17_104_20000_F']","[('104', '135'), ('104', '10'), ('17', '104')]","['104', '105', '88', '89', '72', '76', '79', '80', '135', '34', '35', '36', '72', '73', '10', '106', '105', '109', '104', '116', '21', '52', '55', '54', '89', '91', '17', '32', '33', '34', '36', '51', '52', '54', '55', '56', '57', '58', '72', '73', '74', '77', '78', '89', '91', '92', '104', '105', '106', '108', '109', '110', '112']",41883,200.93019909100042,0.9586591720581055,"[104, 105, 88, 89, 72, 76, 79, 80, 135, 34, 35, 36, 73, 10, 106, 109, 116, 21, 52, 55, 54, 91, 17, 32, 33, 51, 56, 57, 58, 74, 77, 78, 92, 108, 110, 112]",36,"[(50, 88), (86, 76), (131, 76), (47, 80), (37, 135), (71, 35), (29, 10), (125, 10), (126, 10), (48, 116), (97, 17), (117, 17), (118, 17), (119, 17), (120, 17), (121, 17), (122, 17), (123, 17), (19, 32), (20, 32), (53, 33), (46, 51), (127, 51), (129, 51), (69, 57), (70, 57), (49, 58), (66, 58), (68, 58), (90, 58), (94, 74), (95, 74), (111, 74), (124, 74), (18, 78), (93, 78), (85, 92), (96, 92)]",205.75578271400005,8857.777918593,"{88: 6.962563703999997, 76: 12.757056595000002, 80: 2.0580698179999994, 135: 8.953259127, 35: 2.982234923000001, 10: 6.213535617000002, 116: 1.540275179, 17: 61.244981577000004, 32: 5.014087287999999, 33: 11.995211906999998, 51: 8.206061808, 57: 8.30025282, 58: 18.86076022, 74: 42.254218912000006, 78: 2.366124846, 92: 6.047088372999999}",61.244981577000004,12.859736419625001
45000,"['104_135_spath', '104_10_12500_F', '17_104_20000_F', '86_104_spath']","[('104', '135'), ('104', '10'), ('17', '104'), ('86', '104')]","['104', '105', '88', '89', '72', '76', '79', '80', '135', '34', '35', '36', '72', '73', '10', '106', '105', '109', '104', '116', '21', '52', '55', '54', '89', '91', '17', '32', '33', '34', '36', '51', '52', '54', '55', '56', '57', '58', '72', '73', '74', '77', '78', '89', '91', '92', '104', '105', '106', '108', '109', '110', '112', '86', '88', '105', '104']",44553,205.55683258500042,0.6826589107513428,"[104, 105, 88, 89, 72, 76, 79, 80, 135, 34, 35, 36, 73, 10, 106, 109, 116, 21, 52, 55, 54, 91, 17, 32, 33, 51, 56, 57, 58, 74, 77, 78, 92, 108, 110, 112, 86]",37,"[(18, 76), (46, 76), (120, 76), (122, 76), (131, 76), (19, 79), (29, 79), (20, 80), (124, 135), (119, 10), (123, 116), (125, 116), (47, 21), (97, 17), (37, 32), (85, 32), (94, 32), (129, 32), (93, 51), (96, 56), (126, 56), (49, 58), (68, 58), (69, 58), (70, 58), (66, 74), (71, 74), (111, 74), (121, 74), (50, 78), (117, 78), (118, 78), (127, 78), (95, 92), (90, 108), (53, 110), (48, 86)]",199.85458925699993,6711.4168699970005,"{76: 32.715825217, 79: 3.5983449969999994, 80: 2.956017469999999, 135: 15.861020918000003, 10: 6.06933965, 116: 13.915540358, 21: 2.0580698179999994, 17: 1.4091879279999995, 32: 20.216379781000004, 51: 1.1339047060000003, 56: 6.28959979, 58: 19.243109665, 74: 16.069786627000003, 78: 29.932991839999996, 92: 13.526002190999998, 108: 1.3239812149999997, 110: 11.995211906999998, 86: 1.540275179}",32.715825217,11.1030327365
46000,"['104_135_spath', '104_10_12500_F', '17_104_20000_F', '86_104_spath']","[('104', '135'), ('104', '10'), ('17', '104'), ('86', '104')]","['104', '105', '88', '89', '72', '76', '79', '80', '135', '34', '35', '36', '72', '73', '10', '106', '105', '109', '104', '116', '21', '52', '55', '54', '89', '91', '17', '32', '33', '34', '36', '51', '52', '54', '55', '56', '57', '58', '72', '73', '74', '77', '78', '89', '91', '92', '104', '105', '106', '108', '109', '110', '112', '86', '88', '105', '104']",44553,205.55683258500042,0.9830379486083984,"[104, 105, 88, 89, 72, 76, 79, 80, 135, 34, 35, 36, 73, 10, 106, 109, 116, 21, 52, 55, 54, 91, 17, 32, 33, 51, 56, 57, 58, 74, 77, 78, 92, 108, 110, 112, 86]",37,"[(18, 76), (46, 76), (120, 76), (122, 76), (131, 76), (19, 79), (29, 79), (20, 80), (124, 135), (119, 10), (123, 116), (125, 116), (47, 21), (97, 17), (37, 32), (85, 32), (94, 32), (129, 32), (93, 51), (96, 56), (126, 56), (49, 58), (68, 58), (69, 58), (70, 58), (66, 74), (71, 74), (111, 74), (121, 74), (50, 78), (117, 78), (118, 78), (127, 78), (95, 92), (90, 108), (53, 110), (48, 86)]",199.85458925699993,6711.4168699970005,"{76: 32.715825217, 79: 3.5983449969999994, 80: 2.956017469999999, 135: 15.861020918000003, 10: 6.06933965, 116: 13.915540358, 21: 2.0580698179999994, 17: 1.4091879279999995, 32: 20.216379781000004, 51: 1.1339047060000003, 56: 6.28959979, 58: 19.243109665, 74: 16.069786627000003, 78: 29.932991839999996, 92: 13.526002190999998, 108: 1.3239812149999997, 110: 11.995211906999998, 86: 1.540275179}",32.715825217,11.1030327365
47000,"['104_135_spath', '104_10_12500_F', '17_104_20000_F', '86_104_spath']","[('104', '135'), ('104', '10'), ('17', '104'), ('86', '104')]","['104', '105', '88', '89', '72', '76', '79', '80', '135', '34', '35', '36', '72', '73', '10', '106', '105', '109', '104', '116', '21', '52', '55', '54', '89', '91', '17', '32', '33', '34', '36', '51', '52', '54', '55', '56', '57', '58', '72', '73', '74', '77', '78', '89', '91', '92', '104', '105', '106', '108', '109', '110', '112', '86', '88', '105', '104']",44553,205.55683258500042,0.886577844619751,"[104, 105, 88, 89, 72, 76, 79, 80, 135, 34, 35, 36, 73, 10, 106, 109, 116, 21, 52, 55, 54, 91, 17, 32, 33, 51, 56, 57, 58, 74, 77, 78, 92, 108, 110, 112, 86]",37,"[(18, 76), (46, 76), (120, 76), (122, 76), (131, 76), (19, 79), (29, 79), (20, 80), (124, 135), (119, 10), (123, 116), (125, 116), (47, 21), (97, 17), (37, 32), (85, 32), (94, 32), (129, 32), (93, 51), (96, 56), (126, 56), (49, 58), (68, 58), (69, 58), (70, 58), (66, 74), (71, 74), (111, 74), (121, 74), (50, 78), (117, 78), (118, 78), (127, 78), (95, 92), (90, 108), (53, 110), (48, 86)]",199.85458925699993,6711.4168699970005,"{76: 32.715825217, 79: 3.5983449969999994, 80: 2.956017469999999, 135: 15.861020918000003, 10: 6.06933965, 116: 13.915540358, 21: 2.0580698179999994, 17: 1.4091879279999995, 32: 20.216379781000004, 51: 1.1339047060000003, 56: 6.28959979, 58: 19.243109665, 74: 16.069786627000003, 78: 29.932991839999996, 92: 13.526002190999998, 108: 1.3239812149999997, 110: 11.995211906999998, 86: 1.540275179}",32.715825217,11.1030327365
48000,"['104_135_spath', '104_10_15000_F', '17_104_20000_F', '86_104_spath']","[('104', '135'), ('104', '10'), ('17', '104'), ('86', '104')]","['104', '105', '88', '89', '72', '76', '79', '80', '135', '10', '21', '34', '35', '36', '52', '54', '55', '72', '73', '74', '89', '91', '92', '104', '105', '106', '109', '110', '116', '117', '17', '32', '33', '34', '36', '51', '52', '54', '55', '56', '57', '58', '72', '73', '74', '77', '78', '89', '91', '92', '104', '105', '106', '108', '109', '110', '112', '86', '88', '105', '104']",47017,209.7590177310004,0.9680440425872803,"[104, 105, 88, 89, 72, 76, 79, 80, 135, 10, 21, 34, 35, 36, 52, 54, 55, 73, 74, 91, 92, 106, 109, 110, 116, 117, 17, 32, 33, 51, 56, 57, 58, 77, 78, 108, 112, 86]",38,"[(18, 76), (50, 76), (120, 76), (131, 76), (69, 79), (125, 79), (127, 79), (66, 80), (70, 80), (53, 10), (118, 21), (121, 21), (29, 35), (20, 17), (37, 17), (46, 17), (48, 17), (97, 17), (119, 17), (129, 17), (122, 32), (49, 51), (71, 51), (90, 51), (94, 51), (123, 51), (124, 51), (19, 57), (93, 57), (126, 57), (47, 58), (68, 58), (95, 77), (85, 108), (96, 108), (111, 108)]",194.68319727500005,12588.227072099002,"{76: 31.675512343, 79: 10.809993441000001, 80: 12.080503743, 10: 11.995211906999998, 21: 14.823355595, 35: 1.540275179, 17: 24.021738438999996, 32: 6.115220184000001, 51: 49.06438519100001, 57: 4.981315481, 58: 3.645687828, 77: 13.526002190999998, 108: 10.403995752999998}",49.06438519100001,14.975630559615386
49000,"['104_135_spath', '104_10_15000_F', '17_104_20000_F', '86_104_spath']","[('104', '135'), ('104', '10'), ('17', '104'), ('86', '104')]","['104', '105', '88', '89', '72', '76', '79', '80', '135', '10', '21', '34', '35', '36', '52', '54', '55', '72', '73', '74', '89', '91', '92', '104', '105', '106', '109', '110', '116', '117', '17', '32', '33', '34', '36', '51', '52', '54', '55', '56', '57', '58', '72', '73', '74', '77', '78', '89', '91', '92', '104', '105', '106', '108', '109', '110', '112', '86', '88', '105', '104']",47017,209.7590177310004,0.9498670101165771,"[104, 105, 88, 89, 72, 76, 79, 80, 135, 10, 21, 34, 35, 36, 52, 54, 55, 73, 74, 91, 92, 106, 109, 110, 116, 117, 17, 32, 33, 51, 56, 57, 58, 77, 78, 108, 112, 86]",38,"[(18, 76), (50, 76), (120, 76), (131, 76), (69, 79), (125, 79), (127, 79), (66, 80), (70, 80), (53, 10), (118, 21), (121, 21), (29, 35), (20, 17), (37, 17), (46, 17), (48, 17), (97, 17), (119, 17), (129, 17), (122, 32), (49, 51), (71, 51), (90, 51), (94, 51), (123, 51), (124, 51), (19, 57), (93, 57), (126, 57), (47, 58), (68, 58), (95, 77), (85, 108), (96, 108), (111, 108)]",194.68319727500005,12588.227072099002,"{76: 31.675512343, 79: 10.809993441000001, 80: 12.080503743, 10: 11.995211906999998, 21: 14.823355595, 35: 1.540275179, 17: 24.021738438999996, 32: 6.115220184000001, 51: 49.06438519100001, 57: 4.981315481, 58: 3.645687828, 77: 13.526002190999998, 108: 10.403995752999998}",49.06438519100001,14.975630559615386
50000,"['104_135_spath', '104_10_15000_F', '17_104_20000_F', '86_104_spath']","[('104', '135'), ('104', '10'), ('17', '104'), ('86', '104')]","['104', '105', '88', '89', '72', '76', '79', '80', '135', '10', '21', '34', '35', '36', '52', '54', '55', '72', '73', '74', '89', '91', '92', '104', '105', '106', '109', '110', '116', '117', '17', '32', '33', '34', '36', '51', '52', '54', '55', '56', '57', '58', '72', '73', '74', '77', '78', '89', '91', '92', '104', '105', '106', '108', '109', '110', '112', '86', '88', '105', '104']",47017,209.7590177310004,0.8316149711608887,"[104, 105, 88, 89, 72, 76, 79, 80, 135, 10, 21, 34, 35, 36, 52, 54, 55, 73, 74, 91, 92, 106, 109, 110, 116, 117, 17, 32, 33, 51, 56, 57, 58, 77, 78, 108, 112, 86]",38,"[(18, 76), (50, 76), (120, 76), (131, 76), (69, 79), (125, 79), (127, 79), (66, 80), (70, 80), (53, 10), (118, 21), (121, 21), (29, 35), (20, 17), (37, 17), (46, 17), (48, 17), (97, 17), (119, 17), (129, 17), (122, 32), (49, 51), (71, 51), (90, 51), (94, 51), (123, 51), (124, 51), (19, 57), (93, 57), (126, 57), (47, 58), (68, 58), (95, 77), (85, 108), (96, 108), (111, 108)]",194.68319727500005,12588.227072099002,"{76: 31.675512343, 79: 10.809993441000001, 80: 12.080503743, 10: 11.995211906999998, 21: 14.823355595, 35: 1.540275179, 17: 24.021738438999996, 32: 6.115220184000001, 51: 49.06438519100001, 57: 4.981315481, 58: 3.645687828, 77: 13.526002190999998, 108: 10.403995752999998}",49.06438519100001,14.975630559615386
