from,to,value
10,10,0
10,17,0.025873155
10,18,0
10,19,0
10,20,0
10,21,0.116429196
10,29,0
10,32,0.056807722
10,33,0.025873155
10,34,0.380654988
10,35,0.129993493
10,36,0
10,37,0
10,46,0
10,47,0
10,48,0
10,49,0.090556041
10,50,0.064682887
10,51,0.297052149
10,52,0.051746309
10,53,0.090556041
10,54,0
10,55,0.371147823
10,56,0.064682887
10,57,0.14230235
10,58,0.155238928
10,66,0.051746309
10,68,0.012936577
10,69,0.025873155
10,70,0.051746309
10,71,0
10,72,0
10,73,0.349287588
10,74,0.129365773
10,76,0
10,77,0.232858392
10,78,0.102335761
10,79,0
10,80,0.129365773
10,85,0
10,86,0.012936577
10,88,0
10,89,0.025873155
10,90,0
10,91,0.038809732
10,92,0.116429196
10,93,0
10,94,0.077619464
10,95,0.051746309
10,96,0.012936577
10,97,0
10,104,0
10,105,0
10,106,0.012936577
10,108,0
10,109,0.258731546
10,110,0.285347666
10,111,0.012936577
10,112,0
10,116,0
10,117,0
10,118,0.090556041
10,119,0
10,120,0.116429196
10,121,0
10,122,0
10,123,0.038809732
10,124,0.038809732
10,125,0
10,126,0
10,127,0
10,129,0
10,131,0
10,135,0.077619464
17,10,0
17,17,0
17,18,0
17,19,0
17,20,0
17,21,0.049922904
17,29,0
17,32,0.024358207
17,33,0.011093979
17,34,0.163218533
17,35,0.055739049
17,36,0
17,37,0
17,46,0
17,47,0
17,48,0
17,49,0.038828926
17,50,0.027734947
17,51,0.127371025
17,52,0.022187958
17,53,0.038828926
17,54,0
17,55,0.159142019
17,56,0.027734947
17,57,0.061016883
17,58,0.066563873
17,66,0.022187958
17,68,0.005546989
17,69,0.011093979
17,70,0.022187958
17,71,0
17,72,0
17,73,0.149768713
17,74,0.055469894
17,76,0
17,77,0.099845809
17,78,0.043879874
17,79,0
17,80,0.055469894
17,85,0
17,86,0.005546989
17,88,0
17,89,0.011093979
17,90,0
17,91,0.016640968
17,92,0.049922904
17,93,0
17,94,0.033281936
17,95,0.022187958
17,96,0.005546989
17,97,0
17,104,0
17,105,0
17,106,0.005546989
17,108,0
17,109,0.110939788
17,110,0.122352337
17,111,0.005546989
17,112,0
17,116,0
17,117,0
17,118,0.038828926
17,119,0
17,120,0.049922904
17,121,0
17,122,0
17,123,0.016640968
17,124,0.016640968
17,125,0
17,126,0
17,127,0
17,129,0
17,131,0
17,135,0.033281936
18,10,0
18,17,0.007216844
18,18,0
18,19,0
18,20,0
18,21,0.032475799
18,29,0
18,32,0.015845477
18,33,0.007216844
18,34,0.106176762
18,35,0.036259312
18,36,0
18,37,0
18,46,0
18,47,0
18,48,0
18,49,0.025258955
18,50,0.018042111
18,51,0.082857276
18,52,0.014433689
18,53,0.025258955
18,54,0
18,55,0.103524912
18,56,0.018042111
18,57,0.039692644
18,58,0.043301066
18,66,0.014433689
18,68,0.003608422
18,69,0.007216844
18,70,0.014433689
18,71,0
18,72,0
18,73,0.097427398
18,74,0.036084222
18,76,0
18,77,0.064951599
18,78,0.028544693
18,79,0
18,80,0.036084222
18,85,0
18,86,0.003608422
18,88,0
18,89,0.007216844
18,90,0
18,91,0.010825266
18,92,0.032475799
18,93,0
18,94,0.021650533
18,95,0.014433689
18,96,0.003608422
18,97,0
18,104,0
18,105,0
18,106,0.003608422
18,108,0
18,109,0.072168443
18,110,0.079592524
18,111,0.003608422
18,112,0
18,116,0
18,117,0
18,118,0.025258955
18,119,0
18,120,0.032475799
18,121,0
18,122,0
18,123,0.010825266
18,124,0.010825266
18,125,0
18,126,0
18,127,0
18,129,0
18,131,0
18,135,0.021650533
19,10,0
19,17,0.012053666
19,18,0
19,19,0
19,20,0
19,21,0.054241495
19,29,0
19,32,0.026465318
19,33,0.012053666
19,34,0.177337784
19,35,0.060560767
19,36,0
19,37,0
19,46,0
19,47,0
19,48,0
19,49,0.042187829
19,50,0.030134164
19,51,0.13838928
19,52,0.024107331
19,53,0.042187829
19,54,0
19,55,0.172908629
19,56,0.030134164
19,57,0.06629516
19,58,0.072321993
19,66,0.024107331
19,68,0.006026833
19,69,0.012053666
19,70,0.024107331
19,71,0
19,72,0
19,73,0.162724484
19,74,0.060268328
19,76,0
19,77,0.10848299
19,78,0.047675711
19,79,0
19,80,0.060268328
19,85,0
19,86,0.006026833
19,88,0
19,89,0.012053666
19,90,0
19,91,0.018080498
19,92,0.054241495
19,93,0
19,94,0.036160997
19,95,0.024107331
19,96,0.006026833
19,97,0
19,104,0
19,105,0
19,106,0.006026833
19,108,0
19,109,0.120536655
19,110,0.13293645
19,111,0.006026833
19,112,0
19,116,0
19,117,0
19,118,0.042187829
19,119,0
19,120,0.054241495
19,121,0
19,122,0
19,123,0.018080498
19,124,0.018080498
19,125,0
19,126,0
19,127,0
19,129,0
19,131,0
19,135,0.036160997
20,10,0
20,17,0.017312749
20,18,0
20,19,0
20,20,0
20,21,0.07790737
20,29,0
20,32,0.038012288
20,33,0.017312749
20,34,0.254711275
20,35,0.086983776
20,36,0
20,37,0
20,46,0
20,47,0
20,48,0
20,49,0.060594621
20,50,0.043281872
20,51,0.198769316
20,52,0.034625498
20,53,0.060594621
20,54,0
20,55,0.248349656
20,56,0.043281872
20,57,0.095220119
20,58,0.103876493
20,66,0.034625498
20,68,0.008656374
20,69,0.017312749
20,70,0.034625498
20,71,0
20,72,0
20,73,0.23372211
20,74,0.086563744
20,76,0
20,77,0.15581474
20,78,0.068476897
20,79,0
20,80,0.086563744
20,85,0
20,86,0.008656374
20,88,0
20,89,0.017312749
20,90,0
20,91,0.025969123
20,92,0.07790737
20,93,0
20,94,0.051938247
20,95,0.034625498
20,96,0.008656374
20,97,0
20,104,0
20,105,0
20,106,0.008656374
20,108,0
20,109,0.173127489
20,110,0.190937385
20,111,0.008656374
20,112,0
20,116,0
20,117,0
20,118,0.060594621
20,119,0
20,120,0.07790737
20,121,0
20,122,0
20,123,0.025969123
20,124,0.025969123
20,125,0
20,126,0
20,127,0
20,129,0
20,131,0
20,135,0.051938247
21,10,0
21,17,0.035239697
21,18,0
21,19,0
21,20,0
21,21,0
21,29,0
21,32,0.077373128
21,33,0.035239697
21,34,0.518458871
21,35,0.177053451
21,36,0
21,37,0
21,46,0
21,47,0
21,48,0
21,49,0.12333894
21,50,0.088099243
21,51,0.404590315
21,52,0.070479395
21,53,0.12333894
21,54,0
21,55,0.505509942
21,56,0.088099243
21,57,0.193818335
21,58,0.211438184
21,66,0.070479395
21,68,0.017619849
21,69,0.035239697
21,70,0.070479395
21,71,0
21,72,0
21,73,0.475735913
21,74,0.176198486
21,76,0
21,77,0.317157275
21,78,0.139383129
21,79,0
21,80,0.176198486
21,85,0
21,86,0.017619849
21,88,0
21,89,0.035239697
21,90,0
21,91,0.052859546
21,92,0.158578638
21,93,0
21,94,0.105719092
21,95,0.070479395
21,96,0.017619849
21,97,0
21,104,0
21,105,0
21,106,0.017619849
21,108,0
21,109,0.352396973
21,110,0.388648601
21,111,0.017619849
21,112,0
21,116,0
21,117,0
21,118,0.12333894
21,119,0
21,120,0.158578638
21,121,0
21,122,0
21,123,0.052859546
21,124,0.052859546
21,125,0
21,126,0
21,127,0
21,129,0
21,131,0
21,135,0.105719092
29,10,0
29,17,0.009021055
29,18,0
29,19,0
29,20,0
29,21,0.040594749
29,29,0
29,32,0.019806847
29,33,0.009021055
29,34,0.132720953
29,35,0.045324141
29,36,0
29,37,0
29,46,0
29,47,0
29,48,0
29,49,0.031573694
29,50,0.022552638
29,51,0.103571595
29,52,0.018042111
29,53,0.031573694
29,54,0
29,55,0.12940614
29,56,0.022552638
29,57,0.049615805
29,58,0.054126332
29,66,0.018042111
29,68,0.004510528
29,69,0.009021055
29,70,0.018042111
29,71,0
29,72,0
29,73,0.121784248
29,74,0.045105277
29,76,0
29,77,0.081189499
29,78,0.035680866
29,79,0
29,80,0.045105277
29,85,0
29,86,0.004510528
29,88,0
29,89,0.009021055
29,90,0
29,91,0.013531583
29,92,0.040594749
29,93,0
29,94,0.027063166
29,95,0.018042111
29,96,0.004510528
29,97,0
29,104,0
29,105,0
29,106,0.004510528
29,108,0
29,109,0.090210554
29,110,0.099490655
29,111,0.004510528
29,112,0
29,116,0
29,117,0
29,118,0.031573694
29,119,0
29,120,0.040594749
29,121,0
29,122,0
29,123,0.013531583
29,124,0.013531583
29,125,0
29,126,0
29,127,0
29,129,0
29,131,0
29,135,0.027063166
32,10,0
32,17,0.032245475
32,18,0
32,19,0
32,20,0
32,21,0.145104636
32,29,0
32,32,0
32,33,0.032245475
32,34,0.47440681
32,35,0.162009694
32,36,0
32,37,0
32,46,0
32,47,0
32,48,0
32,49,0.112859161
32,50,0.080613687
32,51,0.370213361
32,52,0.064490949
32,53,0.112859161
32,54,0
32,55,0.462558117
32,56,0.080613687
32,57,0.17735011
32,58,0.193472848
32,66,0.064490949
32,68,0.016122737
32,69,0.032245475
32,70,0.064490949
32,71,0
32,72,0
32,73,0.435313907
32,74,0.161227373
32,76,0
32,77,0.290209272
32,78,0.127540118
32,79,0
32,80,0.161227373
32,85,0
32,86,0.016122737
32,88,0
32,89,0.032245475
32,90,0
32,91,0.048368212
32,92,0.145104636
32,93,0
32,94,0.096736424
32,95,0.064490949
32,96,0.016122737
32,97,0
32,104,0
32,105,0
32,106,0.016122737
32,108,0
32,109,0.322454746
32,110,0.355626171
32,111,0.016122737
32,112,0
32,116,0
32,117,0
32,118,0.112859161
32,119,0
32,120,0.145104636
32,121,0
32,122,0
32,123,0.048368212
32,124,0.048368212
32,125,0
32,126,0
32,127,0
32,129,0
32,131,0
32,135,0.096736424
33,10,0
33,17,0.039500706
33,18,0
33,19,0
33,20,0
33,21,0.177753179
33,29,0
33,32,0.086728703
33,33,0
33,34,0.581148342
33,35,0.198461875
33,36,0
33,37,0
33,46,0
33,47,0
33,48,0
33,49,0.138252472
33,50,0.098751766
33,51,0.453511367
33,52,0.079001413
33,53,0.138252472
33,54,0
33,55,0.566633693
33,56,0.098751766
33,57,0.217253885
33,58,0.237004238
33,66,0.079001413
33,68,0.019750353
33,69,0.039500706
33,70,0.079001413
33,71,0
33,72,0
33,73,0.533259537
33,74,0.197503532
33,76,0
33,77,0.355506358
33,78,0.156236645
33,79,0
33,80,0.197503532
33,85,0
33,86,0.019750353
33,88,0
33,89,0.039500706
33,90,0
33,91,0.05925106
33,92,0.177753179
33,93,0
33,94,0.118502119
33,95,0.079001413
33,96,0.019750353
33,97,0
33,104,0
33,105,0
33,106,0.019750353
33,108,0
33,109,0.395007064
33,110,0.435642059
33,111,0.019750353
33,112,0
33,116,0
33,117,0
33,118,0.138252472
33,119,0
33,120,0.177753179
33,121,0
33,122,0
33,123,0.05925106
33,124,0.05925106
33,125,0
33,126,0
33,127,0
33,129,0
33,131,0
33,135,0.118502119
34,10,0
34,17,0.026487354
34,18,0
34,19,0
34,20,0
34,21,0.119193094
34,29,0
34,32,0.058156273
34,33,0.026487354
34,34,0
34,35,0.133079392
34,36,0
34,37,0
34,46,0
34,47,0
34,48,0
34,49,0.09270574
34,50,0.066218385
34,51,0.304103832
34,52,0.052974708
34,53,0.09270574
34,54,0
34,55,0.379958453
34,56,0.066218385
34,57,0.145680448
34,58,0.158924125
34,66,0.052974708
34,68,0.013243677
34,69,0.026487354
34,70,0.052974708
34,71,0
34,72,0
34,73,0.357579281
34,74,0.132436771
34,76,0
34,77,0.238386187
34,78,0.104765097
34,79,0
34,80,0.132436771
34,85,0
34,86,0.013243677
34,88,0
34,89,0.026487354
34,90,0
34,91,0.039731031
34,92,0.119193094
34,93,0
34,94,0.079462062
34,95,0.052974708
34,96,0.013243677
34,97,0
34,104,0
34,105,0
34,106,0.013243677
34,108,0
34,109,0.264873542
34,110,0.292121498
34,111,0.013243677
34,112,0
34,116,0
34,117,0
34,118,0.09270574
34,119,0
34,120,0.119193094
34,121,0
34,122,0
34,123,0.039731031
34,124,0.039731031
34,125,0
34,126,0
34,127,0
34,129,0
34,131,0
34,135,0.079462062
35,10,0
35,17,0.053435358
35,18,0
35,19,0
35,20,0
35,21,0.240459111
35,29,0
35,32,0.117323959
35,33,0.053435358
35,34,0.786159856
35,35,0
35,36,0
35,37,0
35,46,0
35,47,0
35,48,0
35,49,0.187023753
35,50,0.133588395
35,51,0.613496426
35,52,0.106870716
35,53,0.187023753
35,54,0
35,55,0.76652488
35,56,0.133588395
35,57,0.293894469
35,58,0.320612148
35,66,0.106870716
35,68,0.026717679
35,69,0.053435358
35,70,0.106870716
35,71,0
35,72,0
35,73,0.721377332
35,74,0.26717679
35,76,0
35,77,0.480918221
35,78,0.211352196
35,79,0
35,80,0.26717679
35,85,0
35,86,0.026717679
35,88,0
35,89,0.053435358
35,90,0
35,91,0.080153037
35,92,0.240459111
35,93,0
35,94,0.160306074
35,95,0.106870716
35,96,0.026717679
35,97,0
35,104,0
35,105,0
35,106,0.026717679
35,108,0
35,109,0.534353579
35,110,0.589323369
35,111,0.026717679
35,112,0
35,116,0
35,117,0
35,118,0.187023753
35,119,0
35,120,0.240459111
35,121,0
35,122,0
35,123,0.080153037
35,124,0.080153037
35,125,0
35,126,0
35,127,0
35,129,0
35,131,0
35,135,0.160306074
36,10,0
36,17,0.07024907
36,18,0
36,19,0
36,20,0
36,21,0.316120814
36,29,0
36,32,0.15424055
36,33,0.07024907
36,34,1.033529121
36,35,0.352949691
36,36,0
36,37,0
36,46,0
36,47,0
36,48,0
36,49,0.245871744
36,50,0.175622674
36,51,0.80653625
36,52,0.140498139
36,53,0.245871744
36,54,0
36,55,1.007715898
36,56,0.175622674
36,57,0.386369883
36,58,0.421494418
36,66,0.140498139
36,68,0.035124535
36,69,0.07024907
36,70,0.140498139
36,71,0
36,72,0
36,73,0.948362441
36,74,0.351245349
36,76,0
36,77,0.632241627
36,78,0.277855257
36,79,0
36,80,0.351245349
36,85,0
36,86,0.035124535
36,88,0
36,89,0.07024907
36,90,0
36,91,0.105373605
36,92,0.316120814
36,93,0
36,94,0.210747209
36,95,0.140498139
36,96,0.035124535
36,97,0
36,104,0
36,105,0
36,106,0.035124535
36,108,0
36,109,0.702490697
36,110,0.774757015
36,111,0.035124535
36,112,0
36,116,0
36,117,0
36,118,0.245871744
36,119,0
36,120,0.316120814
36,121,0
36,122,0
36,123,0.105373605
36,124,0.105373605
36,125,0
36,126,0
36,127,0
36,129,0
36,131,0
36,135,0.210747209
37,10,0
37,17,0.052437284
37,18,0
37,19,0
37,20,0
37,21,0.235967777
37,29,0
37,32,0.115132563
37,33,0.052437284
37,34,0.771475836
37,35,0.263458621
37,36,0
37,37,0
37,46,0
37,47,0
37,48,0
37,49,0.183530493
37,50,0.131093209
37,51,0.602037441
37,52,0.104874567
37,53,0.183530493
37,54,0
37,55,0.752207605
37,56,0.131093209
37,57,0.28840506
37,58,0.314623702
37,66,0.104874567
37,68,0.026218642
37,69,0.052437284
37,70,0.104874567
37,71,0
37,72,0
37,73,0.70790333
37,74,0.262186419
37,76,0
37,77,0.471935554
37,78,0.207404526
37,79,0
37,80,0.262186419
37,85,0
37,86,0.026218642
37,88,0
37,89,0.052437284
37,90,0
37,91,0.078655926
37,92,0.235967777
37,93,0
37,94,0.157311851
37,95,0.104874567
37,96,0.026218642
37,97,0
37,104,0
37,105,0
37,106,0.026218642
37,108,0
37,109,0.524372837
37,110,0.578315892
37,111,0.026218642
37,112,0
37,116,0
37,117,0
37,118,0.183530493
37,119,0
37,120,0.235967777
37,121,0
37,122,0
37,123,0.078655926
37,124,0.078655926
37,125,0
37,126,0
37,127,0
37,129,0
37,131,0
37,135,0.157311851
46,10,0
46,17,0.011055591
46,18,0
46,19,0
46,20,0
46,21,0.049750161
46,29,0
46,32,0.024273923
46,33,0.011055591
46,34,0.162653763
46,35,0.055546181
46,36,0
46,37,0
46,46,0
46,47,0
46,48,0
46,49,0.03869457
46,50,0.027638978
46,51,0.126930295
46,52,0.022111183
46,53,0.03869457
46,54,0
46,55,0.158591354
46,56,0.027638978
46,57,0.060805752
46,58,0.066333548
46,66,0.022111183
46,68,0.005527796
46,69,0.011055591
46,70,0.022111183
46,71,0
46,72,0
46,73,0.149250483
46,74,0.055277956
46,76,0
46,77,0.099500322
46,78,0.043728041
46,79,0
46,80,0.055277956
46,85,0
46,86,0.005527796
46,88,0
46,89,0.011055591
46,90,0
46,91,0.016583387
46,92,0.049750161
46,93,0
46,94,0.033166774
46,95,0.022111183
46,96,0.005527796
46,97,0
46,104,0
46,105,0
46,106,0.005527796
46,108,0
46,109,0.110555913
46,110,0.121928973
46,111,0.005527796
46,112,0
46,116,0
46,117,0
46,118,0.03869457
46,119,0
46,120,0.049750161
46,121,0
46,122,0
46,123,0.016583387
46,124,0.016583387
46,125,0
46,126,0
46,127,0
46,129,0
46,131,0
46,135,0.033166774
47,10,0
47,17,0.012053666
47,18,0
47,19,0
47,20,0
47,21,0.054241495
47,29,0
47,32,0.026465318
47,33,0.012053666
47,34,0.177337784
47,35,0.060560767
47,36,0
47,37,0
47,46,0
47,47,0
47,48,0
47,49,0.042187829
47,50,0.030134164
47,51,0.13838928
47,52,0.024107331
47,53,0.042187829
47,54,0
47,55,0.172908629
47,56,0.030134164
47,57,0.06629516
47,58,0.072321993
47,66,0.024107331
47,68,0.006026833
47,69,0.012053666
47,70,0.024107331
47,71,0
47,72,0
47,73,0.162724484
47,74,0.060268328
47,76,0
47,77,0.10848299
47,78,0.047675711
47,79,0
47,80,0.060268328
47,85,0
47,86,0.006026833
47,88,0
47,89,0.012053666
47,90,0
47,91,0.018080498
47,92,0.054241495
47,93,0
47,94,0.036160997
47,95,0.024107331
47,96,0.006026833
47,97,0
47,104,0
47,105,0
47,106,0.006026833
47,108,0
47,109,0.120536655
47,110,0.13293645
47,111,0.006026833
47,112,0
47,116,0
47,117,0
47,118,0.042187829
47,119,0
47,120,0.054241495
47,121,0
47,122,0
47,123,0.018080498
47,124,0.018080498
47,125,0
47,126,0
47,127,0
47,129,0
47,131,0
47,135,0.036160997
48,10,0
48,17,0.009021055
48,18,0
48,19,0
48,20,0
48,21,0.040594749
48,29,0
48,32,0.019806847
48,33,0.009021055
48,34,0.132720953
48,35,0.045324141
48,36,0
48,37,0
48,46,0
48,47,0
48,48,0
48,49,0.031573694
48,50,0.022552638
48,51,0.103571595
48,52,0.018042111
48,53,0.031573694
48,54,0
48,55,0.12940614
48,56,0.022552638
48,57,0.049615805
48,58,0.054126332
48,66,0.018042111
48,68,0.004510528
48,69,0.009021055
48,70,0.018042111
48,71,0
48,72,0
48,73,0.121784248
48,74,0.045105277
48,76,0
48,77,0.081189499
48,78,0.035680866
48,79,0
48,80,0.045105277
48,85,0
48,86,0.004510528
48,88,0
48,89,0.009021055
48,90,0
48,91,0.013531583
48,92,0.040594749
48,93,0
48,94,0.027063166
48,95,0.018042111
48,96,0.004510528
48,97,0
48,104,0
48,105,0
48,106,0.004510528
48,108,0
48,109,0.090210554
48,110,0.099490655
48,111,0.004510528
48,112,0
48,116,0
48,117,0
48,118,0.031573694
48,119,0
48,120,0.040594749
48,121,0
48,122,0
48,123,0.013531583
48,124,0.013531583
48,125,0
48,126,0
48,127,0
48,129,0
48,131,0
48,135,0.027063166
49,10,0
49,17,0.008483631
49,18,0
49,19,0
49,20,0
49,21,0.038176339
49,29,0
49,32,0.018626864
49,33,0.008483631
49,34,0.124814173
49,35,0.042623979
49,36,0
49,37,0
49,46,0
49,47,0
49,48,0
49,49,0
49,50,0.021209077
49,51,0.097401372
49,52,0.016967262
49,53,0.029692708
49,54,0
49,55,0.121696838
49,56,0.021209077
49,57,0.04665997
49,58,0.050901785
49,66,0.016967262
49,68,0.004241815
49,69,0.008483631
49,70,0.016967262
49,71,0
49,72,0
49,73,0.114529016
49,74,0.042418154
49,76,0
49,77,0.076352677
49,78,0.033555198
49,79,0
49,80,0.042418154
49,85,0
49,86,0.004241815
49,88,0
49,89,0.008483631
49,90,0
49,91,0.012725446
49,92,0.038176339
49,93,0
49,94,0.025450892
49,95,0.016967262
49,96,0.004241815
49,97,0
49,104,0
49,105,0
49,106,0.004241815
49,108,0
49,109,0.084836308
49,110,0.093563552
49,111,0.004241815
49,112,0
49,116,0
49,117,0
49,118,0.029692708
49,119,0
49,120,0.038176339
49,121,0
49,122,0
49,123,0.012725446
49,124,0.012725446
49,125,0
49,126,0
49,127,0
49,129,0
49,131,0
49,135,0.025450892
50,10,0
50,17,0.007677494
50,18,0
50,19,0
50,20,0
50,21,0.034548723
50,29,0
50,32,0.016856891
50,33,0.007677494
50,34,0.112954002
50,35,0.038573737
50,36,0
50,37,0
50,46,0
50,47,0
50,48,0
50,49,0.026871229
50,50,0
50,51,0.088146038
50,52,0.015354988
50,53,0.026871229
50,54,0
50,55,0.110132885
50,56,0.019193735
50,57,0.042226217
50,58,0.046064964
50,66,0.015354988
50,68,0.003838747
50,69,0.007677494
50,70,0.015354988
50,71,0
50,72,0
50,73,0.103646168
50,74,0.03838747
50,76,0
50,77,0.069097446
50,78,0.030366695
50,79,0
50,80,0.03838747
50,85,0
50,86,0.003838747
50,88,0
50,89,0.007677494
50,90,0
50,91,0.011516241
50,92,0.034548723
50,93,0
50,94,0.023032482
50,95,0.015354988
50,96,0.003838747
50,97,0
50,104,0
50,105,0
50,106,0.003838747
50,108,0
50,109,0.07677494
50,110,0.084672898
50,111,0.003838747
50,112,0
50,116,0
50,117,0
50,118,0.026871229
50,119,0
50,120,0.034548723
50,121,0
50,122,0
50,123,0.011516241
50,124,0.011516241
50,125,0
50,126,0
50,127,0
50,129,0
50,131,0
50,135,0.023032482
51,10,0
51,17,0.039116832
51,18,0
51,19,0
51,20,0
51,21,0.176025743
51,29,0
51,32,0.085885858
51,33,0.039116832
51,34,0.575500642
51,35,0.196533188
51,36,0
51,37,0
51,46,0
51,47,0
51,48,0
51,49,0.136908911
51,50,0.097792079
51,51,0
51,52,0.078233663
51,53,0.136908911
51,54,0
51,55,0.561127049
51,56,0.097792079
51,57,0.215142574
51,58,0.23470099
51,66,0.078233663
51,68,0.019558416
51,69,0.039116832
51,70,0.078233663
51,71,0
51,72,0
51,73,0.528077228
51,74,0.195584159
51,76,0
51,77,0.352051485
51,78,0.15471831
51,79,0
51,80,0.195584159
51,85,0
51,86,0.019558416
51,88,0
51,89,0.039116832
51,90,0
51,91,0.058675248
51,92,0.176025743
51,93,0
51,94,0.117350495
51,95,0.078233663
51,96,0.019558416
51,97,0
51,104,0
51,105,0
51,106,0.019558416
51,108,0
51,109,0.391168317
51,110,0.431408414
51,111,0.019558416
51,112,0
51,116,0
51,117,0
51,118,0.136908911
51,119,0
51,120,0.176025743
51,121,0
51,122,0
51,123,0.058675248
51,124,0.058675248
51,125,0
51,126,0
51,127,0
51,129,0
51,131,0
51,135,0.117350495
52,10,0
52,17,0.079154963
52,18,0
52,19,0
52,20,0
52,21,0.356197332
52,29,0
52,32,0.173794543
52,33,0.079154963
52,34,1.164555764
52,35,0.397695225
52,36,0
52,37,0
52,46,0
52,47,0
52,48,0
52,49,0.277042369
52,50,0.197887407
52,51,0.908785654
52,52,0
52,53,0.277042369
52,54,0
52,55,1.135470045
52,56,0.197887407
52,57,0.435352295
52,58,0.474929776
52,66,0.158309925
52,68,0.039577481
52,69,0.079154963
52,70,0.158309925
52,71,0
52,72,0
52,73,1.068591996
52,74,0.395774813
52,76,0
52,77,0.712394664
52,78,0.313080623
52,79,0
52,80,0.395774813
52,85,0
52,86,0.039577481
52,88,0
52,89,0.079154963
52,90,0
52,91,0.118732444
52,92,0.356197332
52,93,0
52,94,0.237464888
52,95,0.158309925
52,96,0.039577481
52,97,0
52,104,0
52,105,0
52,106,0.039577481
52,108,0
52,109,0.791549627
52,110,0.872977577
52,111,0.039577481
52,112,0
52,116,0
52,117,0
52,118,0.277042369
52,119,0
52,120,0.356197332
52,121,0
52,122,0
52,123,0.118732444
52,124,0.118732444
52,125,0
52,126,0
52,127,0
52,129,0
52,131,0
52,135,0.237464888
53,10,0
53,17,0.024606368
53,18,0
53,19,0
53,20,0
53,21,0.110728657
53,29,0
53,32,0.054026335
53,33,0.024606368
53,34,0.362017577
53,35,0.123628826
53,36,0
53,37,0
53,46,0
53,47,0
53,48,0
53,49,0.086122288
53,50,0.06151592
53,51,0.282508052
53,52,0.049212736
53,53,0
53,54,0
53,55,0.352975896
53,56,0.06151592
53,57,0.135335025
53,58,0.147638209
53,66,0.049212736
53,68,0.012303184
53,69,0.024606368
53,70,0.049212736
53,71,0
53,72,0
53,73,0.33218597
53,74,0.123031841
53,76,0
53,77,0.221457313
53,78,0.097325257
53,79,0
53,80,0.123031841
53,85,0
53,86,0.012303184
53,88,0
53,89,0.024606368
53,90,0
53,91,0.036909552
53,92,0.110728657
53,93,0
53,94,0.073819104
53,95,0.049212736
53,96,0.012303184
53,97,0
53,104,0
53,105,0
53,106,0.012303184
53,108,0
53,109,0.246063681
53,110,0.271376638
53,111,0.012303184
53,112,0
53,116,0
53,117,0
53,118,0.086122288
53,119,0
53,120,0.110728657
53,121,0
53,122,0
53,123,0.036909552
53,124,0.036909552
53,125,0
53,126,0
53,127,0
53,129,0
53,131,0
53,135,0.073819104
54,10,0
54,17,0.057542817
54,18,0
54,19,0
54,20,0
54,21,0.258942677
54,29,0
54,32,0.126342396
54,33,0.057542817
54,34,0.846590247
54,35,0.289110156
54,36,0
54,37,0
54,46,0
54,47,0
54,48,0
54,49,0.20139986
54,50,0.143857043
54,51,0.660654556
54,52,0.115085634
54,53,0.20139986
54,54,0
54,55,0.825445973
54,56,0.143857043
54,57,0.316485495
54,58,0.345256903
54,66,0.115085634
54,68,0.028771409
54,69,0.057542817
54,70,0.115085634
54,71,0
54,72,0
54,73,0.776828032
54,74,0.287714086
54,76,0
54,77,0.517885355
54,78,0.227598378
54,79,0
54,80,0.287714086
54,85,0
54,86,0.028771409
54,88,0
54,89,0.057542817
54,90,0
54,91,0.086314226
54,92,0.258942677
54,93,0
54,94,0.172628452
54,95,0.115085634
54,96,0.028771409
54,97,0
54,104,0
54,105,0
54,106,0.028771409
54,108,0
54,109,0.575428172
54,110,0.634623369
54,111,0.028771409
54,112,0
54,116,0
54,117,0
54,118,0.20139986
54,119,0
54,120,0.258942677
54,121,0
54,122,0
54,123,0.086314226
54,124,0.086314226
54,125,0
54,126,0
54,127,0
54,129,0
54,131,0
54,135,0.172628452
55,10,0
55,17,0.051016947
55,18,0
55,19,0
55,20,0
55,21,0.229576263
55,29,0
55,32,0.112014039
55,33,0.051016947
55,34,0.750579345
55,35,0.25632248
55,36,0
55,37,0
55,46,0
55,47,0
55,48,0
55,49,0.178559316
55,50,0.127542368
55,51,0.585730424
55,52,0.102033895
55,53,0.178559316
55,54,0
55,55,0
55,56,0.127542368
55,57,0.28059321
55,58,0.306101684
55,66,0.102033895
55,68,0.025508474
55,69,0.051016947
55,70,0.102033895
55,71,0
55,72,0
55,73,0.688728789
55,74,0.255084737
55,76,0
55,77,0.459152526
55,78,0.201786687
55,79,0
55,80,0.255084737
55,85,0
55,86,0.025508474
55,88,0
55,89,0.051016947
55,90,0
55,91,0.076525421
55,92,0.229576263
55,93,0
55,94,0.153050842
55,95,0.102033895
55,96,0.025508474
55,97,0
55,104,0
55,105,0
55,106,0.025508474
55,108,0
55,109,0.510169473
55,110,0.562651406
55,111,0.025508474
55,112,0
55,116,0
55,117,0
55,118,0.178559316
55,119,0
55,120,0.229576263
55,121,0
55,122,0
55,123,0.076525421
55,124,0.076525421
55,125,0
55,126,0
55,127,0
55,129,0
55,131,0
55,135,0.153050842
56,10,0
56,17,0.056045706
56,18,0
56,19,0
56,20,0
56,21,0.252205676
56,29,0
56,32,0.123055302
56,33,0.056045706
56,34,0.824564217
56,35,0.281588278
56,36,0
56,37,0
56,46,0
56,47,0
56,48,0
56,49,0.196159971
56,50,0.140114265
56,51,0.643466079
56,52,0.112091412
56,53,0.196159971
56,54,0
56,55,0.803970061
56,56,0
56,57,0.308251382
56,58,0.336274235
56,66,0.112091412
56,68,0.028022853
56,69,0.056045706
56,70,0.112091412
56,71,0
56,72,0
56,73,0.756617029
56,74,0.280228529
56,76,0
56,77,0.504411353
56,78,0.221676872
56,79,0
56,80,0.280228529
56,85,0
56,86,0.028022853
56,88,0
56,89,0.056045706
56,90,0
56,91,0.084068559
56,92,0.252205676
56,93,0
56,94,0.168137118
56,95,0.112091412
56,96,0.028022853
56,97,0
56,104,0
56,105,0
56,106,0.028022853
56,108,0
56,109,0.560457059
56,110,0.618112154
56,111,0.028022853
56,112,0
56,116,0
56,117,0
56,118,0.196159971
56,119,0
56,120,0.252205676
56,121,0
56,122,0
56,123,0.084068559
56,124,0.084068559
56,125,0
56,126,0
56,127,0
56,129,0
56,131,0
56,135,0.168137118
57,10,0
57,17,0.042302992
57,18,0
57,19,0
57,20,0
57,21,0.190363463
57,29,0
57,32,0.092881468
57,33,0.042302992
57,34,0.622376553
57,35,0.212541289
57,36,0
57,37,0
57,46,0
57,47,0
57,48,0
57,49,0.148060471
57,50,0.105757479
57,51,0.485684671
57,52,0.084605983
57,53,0.148060471
57,54,0
57,55,0.606832196
57,56,0.105757479
57,57,0
57,58,0.25381795
57,66,0.084605983
57,68,0.021151496
57,69,0.042302992
57,70,0.084605983
57,71,0
57,72,0
57,73,0.571090388
57,74,0.211514959
57,76,0
57,77,0.380726925
57,78,0.167320488
57,79,0
57,80,0.211514959
57,85,0
57,86,0.021151496
57,88,0
57,89,0.042302992
57,90,0
57,91,0.063454488
57,92,0.190363463
57,93,0
57,94,0.126908975
57,95,0.084605983
57,96,0.021151496
57,97,0
57,104,0
57,105,0
57,106,0.021151496
57,108,0
57,109,0.423029917
57,110,0.466547667
57,111,0.021151496
57,112,0
57,116,0
57,117,0
57,118,0.148060471
57,119,0
57,120,0.190363463
57,121,0
57,122,0
57,123,0.063454488
57,124,0.063454488
57,125,0
57,126,0
57,127,0
57,129,0
57,131,0
57,135,0.126908975
58,10,0
58,17,0.058003467
58,18,0
58,19,0
58,20,0
58,21,0.261015601
58,29,0
58,32,0.127353809
58,33,0.058003467
58,34,0.853367487
58,35,0.291424581
58,36,0
58,37,0
58,46,0
58,47,0
58,48,0
58,49,0.203012134
58,50,0.145008667
58,51,0.665943319
58,52,0.116006934
58,53,0.203012134
58,54,0
58,55,0.832053946
58,56,0.145008667
58,57,0.319019068
58,58,0
58,66,0.116006934
58,68,0.029001733
58,69,0.058003467
58,70,0.116006934
58,71,0
58,72,0
58,73,0.783046802
58,74,0.290017334
58,76,0
58,77,0.522031202
58,78,0.229420379
58,79,0
58,80,0.290017334
58,85,0
58,86,0.029001733
58,88,0
58,89,0.058003467
58,90,0
58,91,0.0870052
58,92,0.261015601
58,93,0
58,94,0.174010401
58,95,0.116006934
58,96,0.029001733
58,97,0
58,104,0
58,105,0
58,106,0.029001733
58,108,0
58,109,0.580034668
58,110,0.639703743
58,111,0.029001733
58,112,0
58,116,0
58,117,0
58,118,0.203012134
58,119,0
58,120,0.261015601
58,121,0
58,122,0
58,123,0.0870052
58,124,0.0870052
58,125,0
58,126,0
58,127,0
58,129,0
58,131,0
58,135,0.174010401
66,10,0
66,17,0.012245603
66,18,0
66,19,0
66,20,0
66,21,0.055105213
66,29,0
66,32,0.026886741
66,33,0.012245603
66,34,0.180161634
66,35,0.06152511
66,36,0
66,37,0
66,46,0
66,47,0
66,48,0
66,49,0.04285961
66,50,0.030614007
66,51,0.140592931
66,52,0.024491206
66,53,0.04285961
66,54,0
66,55,0.175661952
66,56,0.030614007
66,57,0.067350816
66,58,0.073473617
66,66,0
66,68,0.006122801
66,69,0.012245603
66,70,0.024491206
66,71,0
66,72,0
66,73,0.165315639
66,74,0.061228014
66,76,0
66,77,0.110210426
66,78,0.048434878
66,79,0
66,80,0.061228014
66,85,0
66,86,0.006122801
66,88,0
66,89,0.012245603
66,90,0
66,91,0.018368404
66,92,0.055105213
66,93,0
66,94,0.036736809
66,95,0.024491206
66,96,0.006122801
66,97,0
66,104,0
66,105,0
66,106,0.006122801
66,108,0
66,109,0.122456029
66,110,0.135053272
66,111,0.006122801
66,112,0
66,116,0
66,117,0
66,118,0.04285961
66,119,0
66,120,0.055105213
66,121,0
66,122,0
66,123,0.018368404
66,124,0.018368404
66,125,0
66,126,0
66,127,0
66,129,0
66,131,0
66,135,0.036736809
68,10,0
68,17,0.002648735
68,18,0
68,19,0
68,20,0
68,21,0.011919309
68,29,0
68,32,0.005815627
68,33,0.002648735
68,34,0.038969131
68,35,0.013307939
68,36,0
68,37,0
68,46,0
68,47,0
68,48,0
68,49,0.009270574
68,50,0.006621839
68,51,0.030410383
68,52,0.005297471
68,53,0.009270574
68,54,0
68,55,0.037995845
68,56,0.006621839
68,57,0.014568045
68,58,0.015892412
68,66,0.005297471
68,68,0
68,69,0.002648735
68,70,0.005297471
68,71,0
68,72,0
68,73,0.035757928
68,74,0.013243677
68,76,0
68,77,0.023838619
68,78,0.01047651
68,79,0
68,80,0.013243677
68,85,0
68,86,0.001324368
68,88,0
68,89,0.002648735
68,90,0
68,91,0.003973103
68,92,0.011919309
68,93,0
68,94,0.007946206
68,95,0.005297471
68,96,0.001324368
68,97,0
68,104,0
68,105,0
68,106,0.001324368
68,108,0
68,109,0.026487354
68,110,0.02921215
68,111,0.001324368
68,112,0
68,116,0
68,117,0
68,118,0.009270574
68,119,0
68,120,0.011919309
68,121,0
68,122,0
68,123,0.003973103
68,124,0.003973103
68,125,0
68,126,0
68,127,0
68,129,0
68,131,0
68,135,0.007946206
69,10,0
69,17,0.00318616
69,18,0
69,19,0
69,20,0
69,21,0.01433772
69,29,0
69,32,0.00699561
69,33,0.00318616
69,34,0.046875911
69,35,0.016008101
69,36,0
69,37,0
69,46,0
69,47,0
69,48,0
69,49,0.01115156
69,50,0.0079654
69,51,0.036580606
69,52,0.00637232
69,53,0.01115156
69,54,0
69,55,0.045705147
69,56,0.0079654
69,57,0.01752388
69,58,0.01911696
69,66,0.00637232
69,68,0.00159308
69,69,0
69,70,0.00637232
69,71,0
69,72,0
69,73,0.04301316
69,74,0.0159308
69,76,0
69,77,0.02867544
69,78,0.012602178
69,79,0
69,80,0.0159308
69,85,0
69,86,0.00159308
69,88,0
69,89,0.00318616
69,90,0
69,91,0.00477924
69,92,0.01433772
69,93,0
69,94,0.00955848
69,95,0.00637232
69,96,0.00159308
69,97,0
69,104,0
69,105,0
69,106,0.00159308
69,108,0
69,109,0.0318616
69,110,0.035139253
69,111,0.00159308
69,112,0
69,116,0
69,117,0
69,118,0.01115156
69,119,0
69,120,0.01433772
69,121,0
69,122,0
69,123,0.00477924
69,124,0.00477924
69,125,0
69,126,0
69,127,0
69,129,0
69,131,0
69,135,0.00955848
70,10,0
70,17,0.005604571
70,18,0
70,19,0
70,20,0
70,21,0.025220568
70,29,0
70,32,0.01230553
70,33,0.005604571
70,34,0.082456422
70,35,0.028158828
70,36,0
70,37,0
70,46,0
70,47,0
70,48,0
70,49,0.019615997
70,50,0.014011426
70,51,0.064346608
70,52,0.011209141
70,53,0.019615997
70,54,0
70,55,0.080397006
70,56,0.014011426
70,57,0.030825138
70,58,0.033627424
70,66,0.011209141
70,68,0.002802285
70,69,0.005604571
70,70,0
70,71,0
70,72,0
70,73,0.075661703
70,74,0.028022853
70,76,0
70,77,0.050441135
70,78,0.022167687
70,79,0
70,80,0.028022853
70,85,0
70,86,0.002802285
70,88,0
70,89,0.005604571
70,90,0
70,91,0.008406856
70,92,0.025220568
70,93,0
70,94,0.016813712
70,95,0.011209141
70,96,0.002802285
70,97,0
70,104,0
70,105,0
70,106,0.002802285
70,108,0
70,109,0.056045706
70,110,0.061811215
70,111,0.002802285
70,112,0
70,116,0
70,117,0
70,118,0.019615997
70,119,0
70,120,0.025220568
70,121,0
70,122,0
70,123,0.008406856
70,124,0.008406856
70,125,0
70,126,0
70,127,0
70,129,0
70,131,0
70,135,0.016813712
71,10,0
71,17,0.017466299
71,18,0
71,19,0
71,20,0
71,21,0.078598344
71,29,0
71,32,0.038349426
71,33,0.017466299
71,34,0.256970355
71,35,0.087755251
71,36,0
71,37,0
71,46,0
71,47,0
71,48,0
71,49,0.061132046
71,50,0.043665747
71,51,0.200532237
71,52,0.034932598
71,53,0.061132046
71,54,0
71,55,0.250552313
71,56,0.043665747
71,57,0.096064643
71,58,0.104797793
71,66,0.034932598
71,68,0.008733149
71,69,0.017466299
71,70,0.034932598
71,71,0
71,72,0
71,73,0.235795033
71,74,0.087331494
71,76,0
71,77,0.157196689
71,78,0.069084231
71,79,0
71,80,0.087331494
71,85,0
71,86,0.008733149
71,88,0
71,89,0.017466299
71,90,0
71,91,0.026199448
71,92,0.078598344
71,93,0
71,94,0.052398896
71,95,0.034932598
71,96,0.008733149
71,97,0
71,104,0
71,105,0
71,106,0.008733149
71,108,0
71,109,0.174662988
71,110,0.192630843
71,111,0.008733149
71,112,0
71,116,0
71,117,0
71,118,0.061132046
71,119,0
71,120,0.078598344
71,121,0
71,122,0
71,123,0.026199448
71,124,0.026199448
71,125,0
71,126,0
71,127,0
71,129,0
71,131,0
71,135,0.052398896
72,10,0
72,17,0.008368468
72,18,0
72,19,0
72,20,0
72,21,0.037658108
72,29,0
72,32,0.018374011
72,33,0.008368468
72,34,0.123119863
72,35,0.042045373
72,36,0
72,37,0
72,46,0
72,47,0
72,48,0
72,49,0.029289639
72,50,0.020921171
72,51,0.096079182
72,52,0.016736937
72,53,0.029289639
72,54,0
72,55,0.120044845
72,56,0.020921171
72,57,0.046026576
72,58,0.05021081
72,66,0.016736937
72,68,0.004184234
72,69,0.008368468
72,70,0.016736937
72,71,0
72,72,0
72,73,0.112974324
72,74,0.041842342
72,76,0
72,77,0.075316216
72,78,0.033099697
72,79,0
72,80,0.041842342
72,85,0
72,86,0.004184234
72,88,0
72,89,0.008368468
72,90,0
72,91,0.012552703
72,92,0.037658108
72,93,0
72,94,0.025105405
72,95,0.016736937
72,96,0.004184234
72,97,0
72,104,0
72,105,0
72,106,0.004184234
72,108,0
72,109,0.083684684
72,110,0.092293459
72,111,0.004184234
72,112,0
72,116,0
72,117,0
72,118,0.029289639
72,119,0
72,120,0.037658108
72,121,0
72,122,0
72,123,0.012552703
72,124,0.012552703
72,125,0
72,126,0
72,127,0
72,129,0
72,131,0
72,135,0.025105405
73,10,0
73,17,0.014356914
73,18,0
73,19,0
73,20,0
73,21,0.064606112
73,29,0
73,32,0.031522386
73,33,0.014356914
73,34,0.211223984
73,35,0.072132888
73,36,0
73,37,0
73,46,0
73,47,0
73,48,0
73,49,0.050249198
73,50,0.035892284
73,51,0.164833091
73,52,0.028713827
73,53,0.050249198
73,54,0
73,55,0.205948495
73,56,0.035892284
73,57,0.078963025
73,58,0.086141482
73,66,0.028713827
73,68,0.007178457
73,69,0.014356914
73,70,0.028713827
73,71,0
73,72,0
73,73,0
73,74,0.071784568
73,76,0
73,77,0.129212223
73,78,0.056785719
73,79,0
73,80,0.071784568
73,85,0
73,86,0.007178457
73,88,0
73,89,0.014356914
73,90,0
73,91,0.021535371
73,92,0.064606112
73,93,0
73,94,0.043070741
73,95,0.028713827
73,96,0.007178457
73,97,0
73,104,0
73,105,0
73,106,0.007178457
73,108,0
73,109,0.143569137
73,110,0.158338319
73,111,0.007178457
73,112,0
73,116,0
73,117,0
73,118,0.050249198
73,119,0
73,120,0.064606112
73,121,0
73,122,0
73,123,0.021535371
73,124,0.021535371
73,125,0
73,126,0
73,127,0
73,129,0
73,131,0
73,135,0.043070741
74,10,0
74,17,0.033665811
74,18,0
74,19,0
74,20,0
74,21,0.15149615
74,29,0
74,32,0.073917466
74,33,0.033665811
74,34,0.4953033
74,35,0.169145835
74,36,0
74,37,0
74,46,0
74,47,0
74,48,0
74,49,0.117830339
74,50,0.084164528
74,51,0.386520378
74,52,0.067331622
74,53,0.117830339
74,54,0
74,55,0.482932701
74,56,0.084164528
74,57,0.185161961
74,58,0.201994866
74,66,0.067331622
74,68,0.016832906
74,69,0.033665811
74,70,0.067331622
74,71,0
74,72,0
74,73,0.454488449
74,74,0
74,76,0
74,77,0.302992299
74,78,0.133157957
74,79,0
74,80,0.168329055
74,85,0
74,86,0.016832906
74,88,0
74,89,0.033665811
74,90,0
74,91,0.050498717
74,92,0.15149615
74,93,0
74,94,0.100997433
74,95,0.067331622
74,96,0.016832906
74,97,0
74,104,0
74,105,0
74,106,0.016832906
74,108,0
74,109,0.33665811
74,110,0.371290657
74,111,0.016832906
74,112,0
74,116,0
74,117,0
74,118,0.117830339
74,119,0
74,120,0.15149615
74,121,0
74,122,0
74,123,0.050498717
74,124,0.050498717
74,125,0
74,126,0
74,127,0
74,129,0
74,131,0
74,135,0.100997433
76,10,0
76,17,0.013320452
76,18,0
76,19,0
76,20,0
76,21,0.059942034
76,29,0
76,32,0.029246705
76,33,0.013320452
76,34,0.195975194
76,35,0.066925433
76,36,0
76,37,0
76,46,0
76,47,0
76,48,0
76,49,0.046621582
76,50,0.03330113
76,51,0.152933376
76,52,0.026640904
76,53,0.046621582
76,54,0
76,55,0.191080556
76,56,0.03330113
76,57,0.073262486
76,58,0.079922712
76,66,0.026640904
76,68,0.006660226
76,69,0.013320452
76,70,0.026640904
76,71,0
76,72,0
76,73,0.179826102
76,74,0.06660226
76,76,0
76,77,0.119884068
76,78,0.052686215
76,79,0
76,80,0.06660226
76,85,0
76,86,0.006660226
76,88,0
76,89,0.013320452
76,90,0
76,91,0.019980678
76,92,0.059942034
76,93,0
76,94,0.039961356
76,95,0.026640904
76,96,0.006660226
76,97,0
76,104,0
76,105,0
76,106,0.006660226
76,108,0
76,109,0.13320452
76,110,0.146907478
76,111,0.006660226
76,112,0
76,116,0
76,117,0
76,118,0.046621582
76,119,0
76,120,0.059942034
76,121,0
76,122,0
76,123,0.019980678
76,124,0.019980678
76,125,0
76,126,0
76,127,0
76,129,0
76,131,0
76,135,0.039961356
77,10,0
77,17,0.035853897
77,18,0
77,19,0
77,20,0
77,21,0.161342536
77,29,0
77,32,0.078721679
77,33,0.035853897
77,34,0.527495191
77,35,0.18013935
77,36,0
77,37,0
77,46,0
77,47,0
77,48,0
77,49,0.125488639
77,50,0.089634742
77,51,0.411641998
77,52,0.071707794
77,53,0.125488639
77,54,0
77,55,0.514320573
77,56,0.089634742
77,57,0.197196432
77,58,0.215123381
77,66,0.071707794
77,68,0.017926948
77,69,0.035853897
77,70,0.071707794
77,71,0
77,72,0
77,73,0.484027607
77,74,0.179269484
77,76,0
77,77,0
77,78,0.141812465
77,79,0
77,80,0.179269484
77,85,0
77,86,0.017926948
77,88,0
77,89,0.035853897
77,90,0
77,91,0.053780845
77,92,0.161342536
77,93,0
77,94,0.10756169
77,95,0.071707794
77,96,0.017926948
77,97,0
77,104,0
77,105,0
77,106,0.017926948
77,108,0
77,109,0.358538968
77,110,0.395422433
77,111,0.017926948
77,112,0
77,116,0
77,117,0
77,118,0.125488639
77,119,0
77,120,0.161342536
77,121,0
77,122,0
77,123,0.053780845
77,124,0.053780845
77,125,0
77,126,0
77,127,0
77,129,0
77,131,0
77,135,0.10756169
78,10,0
78,17,0.083415972
78,18,0
78,19,0
78,20,0
78,21,0.375371873
78,29,0
78,32,0.183150117
78,33,0.083415972
78,34,1.227245235
78,35,0.419103649
78,36,0
78,37,0
78,46,0
78,47,0
78,48,0
78,49,0.291955901
78,50,0.20853993
78,51,0.957706705
78,52,0.166831944
78,53,0.291955901
78,54,0
78,55,1.196593796
78,56,0.20853993
78,57,0.458787845
78,58,0.500495831
78,66,0.166831944
78,68,0.041707986
78,69,0.083415972
78,70,0.166831944
78,71,0
78,72,0
78,73,1.12611562
78,74,0.417079859
78,76,0
78,77,0.750743747
78,78,0
78,79,0
78,80,0.417079859
78,85,0
78,86,0.041707986
78,88,0
78,89,0.083415972
78,90,0
78,91,0.125123958
78,92,0.375371873
78,93,0
78,94,0.250247916
78,95,0.166831944
78,96,0.041707986
78,97,0
78,104,0
78,105,0
78,106,0.041707986
78,108,0
78,109,0.834159718
78,110,0.919971035
78,111,0.041707986
78,112,0
78,116,0
78,117,0
78,118,0.291955901
78,119,0
78,120,0.375371873
78,121,0
78,122,0
78,123,0.125123958
78,124,0.125123958
78,125,0
78,126,0
78,127,0
78,129,0
78,131,0
78,135,0.250247916
79,10,0
79,17,0.046947876
79,18,0
79,19,0
79,20,0
79,21,0.21126544
79,29,0
79,32,0.103079887
79,33,0.046947876
79,34,0.690713724
79,35,0.2358784
79,36,0
79,37,0
79,46,0
79,47,0
79,48,0
79,49,0.164317564
79,50,0.117369689
79,51,0.539013024
79,52,0.093895751
79,53,0.164317564
79,54,0
79,55,0.673462592
79,56,0.117369689
79,57,0.258213316
79,58,0.281687253
79,66,0.093895751
79,68,0.023473938
79,69,0.046947876
79,70,0.093895751
79,71,0
79,72,0
79,73,0.63379632
79,74,0.234739378
79,76,0
79,77,0.42253088
79,78,0.185692339
79,79,0
79,80,0.234739378
79,85,0
79,86,0.023473938
79,88,0
79,89,0.046947876
79,90,0
79,91,0.070421813
79,92,0.21126544
79,93,0
79,94,0.140843627
79,95,0.093895751
79,96,0.023473938
79,97,0
79,104,0
79,105,0
79,106,0.023473938
79,108,0
79,109,0.469478755
79,110,0.51777477
79,111,0.023473938
79,112,0
79,116,0
79,117,0
79,118,0.164317564
79,119,0
79,120,0.21126544
79,121,0
79,122,0
79,123,0.070421813
79,124,0.070421813
79,125,0
79,126,0
79,127,0
79,129,0
79,131,0
79,135,0.140843627
80,10,0
80,17,0.016852099
80,18,0
80,19,0
80,20,0
80,21,0.075834447
80,29,0
80,32,0.037000875
80,33,0.016852099
80,34,0.247934035
80,35,0.084669352
80,36,0
80,37,0
80,46,0
80,47,0
80,48,0
80,49,0.058982347
80,50,0.042130248
80,51,0.193480554
80,52,0.033704198
80,53,0.058982347
80,54,0
80,55,0.241741683
80,56,0.042130248
80,57,0.092686546
80,58,0.101112595
80,66,0.033704198
80,68,0.00842605
80,69,0.016852099
80,70,0.033704198
80,71,0
80,72,0
80,73,0.22750334
80,74,0.084260496
80,76,0
80,77,0.151668893
80,78,0.066654895
80,79,0
80,80,0
80,85,0
80,86,0.00842605
80,88,0
80,89,0.016852099
80,90,0
80,91,0.025278149
80,92,0.075834447
80,93,0
80,94,0.050556298
80,95,0.033704198
80,96,0.00842605
80,97,0
80,104,0
80,105,0
80,106,0.00842605
80,108,0
80,109,0.168520992
80,110,0.185857011
80,111,0.00842605
80,112,0
80,116,0
80,117,0
80,118,0.058982347
80,119,0
80,120,0.075834447
80,121,0
80,122,0
80,123,0.025278149
80,124,0.025278149
80,125,0
80,126,0
80,127,0
80,129,0
80,131,0
80,135,0.050556298
85,10,0
85,17,0.009059443
85,18,0
85,19,0
85,20,0
85,21,0.040767493
85,29,0
85,32,0.019891131
85,33,0.009059443
85,34,0.133285723
85,35,0.045517009
85,36,0
85,37,0
85,46,0
85,47,0
85,48,0
85,49,0.03170805
85,50,0.022648607
85,51,0.104012325
85,52,0.018118886
85,53,0.03170805
85,54,0
85,55,0.129956804
85,56,0.022648607
85,57,0.049826936
85,58,0.054356657
85,66,0.018118886
85,68,0.004529721
85,69,0.009059443
85,70,0.018118886
85,71,0
85,72,0
85,73,0.122302479
85,74,0.045297214
85,76,0
85,77,0.081534986
85,78,0.0358327
85,79,0
85,80,0.045297214
85,85,0
85,86,0.004529721
85,88,0
85,89,0.009059443
85,90,0
85,91,0.013589164
85,92,0.040767493
85,93,0
85,94,0.027178329
85,95,0.018118886
85,96,0.004529721
85,97,0
85,104,0
85,105,0
85,106,0.004529721
85,108,0
85,109,0.090594429
85,110,0.099914019
85,111,0.004529721
85,112,0
85,116,0
85,117,0
85,118,0.03170805
85,119,0
85,120,0.040767493
85,121,0
85,122,0
85,123,0.013589164
85,124,0.013589164
85,125,0
85,126,0
85,127,0
85,129,0
85,131,0
85,135,0.027178329
86,10,0
86,17,0.02806124
86,18,0
86,19,0
86,20,0
86,21,0.126275582
86,29,0
86,32,0.061611935
86,33,0.02806124
86,34,0.412846878
86,35,0.140987008
86,36,0
86,37,0
86,46,0
86,47,0
86,48,0
86,49,0.098214341
86,50,0.070153101
86,51,0.32217377
86,52,0.056122481
86,53,0.098214341
86,54,0
86,55,0.402535695
86,56,0.070153101
86,57,0.154336822
86,58,0.168367442
86,66,0.056122481
86,68,0.01403062
86,69,0.02806124
86,70,0.056122481
86,71,0
86,72,0
86,73,0.378826746
86,74,0.140306202
86,76,0
86,77,0.252551164
86,78,0.11099027
86,79,0
86,80,0.140306202
86,85,0
86,86,0
86,88,0
86,89,0.02806124
86,90,0
86,91,0.042091861
86,92,0.126275582
86,93,0
86,94,0.084183721
86,95,0.056122481
86,96,0.01403062
86,97,0
86,104,0
86,105,0
86,106,0.01403062
86,108,0
86,109,0.280612404
86,110,0.309479442
86,111,0.01403062
86,112,0
86,116,0
86,117,0
86,118,0.098214341
86,119,0
86,120,0.126275582
86,121,0
86,122,0
86,123,0.042091861
86,124,0.042091861
86,125,0
86,126,0
86,127,0
86,129,0
86,131,0
86,135,0.084183721
88,10,0
88,17,0.013665939
88,18,0
88,19,0
88,20,0
88,21,0.061496727
88,29,0
88,32,0.030005265
88,33,0.013665939
88,34,0.201058124
88,35,0.068661251
88,36,0
88,37,0
88,46,0
88,47,0
88,48,0
88,49,0.047830787
88,50,0.034164848
88,51,0.156899948
88,52,0.027331878
88,53,0.047830787
88,54,0
88,55,0.196036535
88,56,0.034164848
88,57,0.075162666
88,58,0.081995635
88,66,0.027331878
88,68,0.00683297
88,69,0.013665939
88,70,0.027331878
88,71,0
88,72,0
88,73,0.18449018
88,74,0.068329696
88,76,0
88,77,0.122993453
88,78,0.054052717
88,79,0
88,80,0.068329696
88,85,0
88,86,0.00683297
88,88,0
88,89,0.013665939
88,90,0
88,91,0.020498909
88,92,0.061496727
88,93,0
88,94,0.040997818
88,95,0.027331878
88,96,0.00683297
88,97,0
88,104,0
88,105,0
88,106,0.00683297
88,108,0
88,109,0.136659392
88,110,0.150717758
88,111,0.00683297
88,112,0
88,116,0
88,117,0
88,118,0.047830787
88,119,0
88,120,0.061496727
88,121,0
88,122,0
88,123,0.020498909
88,124,0.020498909
88,125,0
88,126,0
88,127,0
88,129,0
88,131,0
88,135,0.040997818
89,10,0
89,17,0.050018873
89,18,0
89,19,0
89,20,0
89,21,0.225084929
89,29,0
89,32,0.109822643
89,33,0.050018873
89,34,0.735895325
89,35,0.251307894
89,36,0
89,37,0
89,46,0
89,47,0
89,48,0
89,49,0.175066056
89,50,0.125047183
89,51,0.574271439
89,52,0.100037746
89,53,0.175066056
89,54,0
89,55,0.717515746
89,56,0.125047183
89,57,0.275103802
89,58,0.300113239
89,66,0.100037746
89,68,0.025009437
89,69,0.050018873
89,70,0.100037746
89,71,0
89,72,0
89,73,0.675254787
89,74,0.250094366
89,76,0
89,77,0.450169858
89,78,0.197839017
89,79,0
89,80,0.250094366
89,85,0
89,86,0.025009437
89,88,0
89,89,0
89,90,0
89,91,0.07502831
89,92,0.225084929
89,93,0
89,94,0.150056619
89,95,0.100037746
89,96,0.025009437
89,97,0
89,104,0
89,105,0
89,106,0.025009437
89,108,0
89,109,0.500188731
89,110,0.551643929
89,111,0.025009437
89,112,0
89,116,0
89,117,0
89,118,0.175066056
89,119,0
89,120,0.225084929
89,121,0
89,122,0
89,123,0.07502831
89,124,0.07502831
89,125,0
89,126,0
89,127,0
89,129,0
89,131,0
89,135,0.150056619
90,10,0
90,17,0.007754269
90,18,0
90,19,0
90,20,0
90,21,0.03489421
90,29,0
90,32,0.01702546
90,33,0.007754269
90,34,0.114083542
90,35,0.038959474
90,36,0
90,37,0
90,46,0
90,47,0
90,48,0
90,49,0.027139941
90,50,0.019385672
90,51,0.089027499
90,52,0.015508538
90,53,0.027139941
90,54,0
90,55,0.111234214
90,56,0.019385672
90,57,0.042648479
90,58,0.046525613
90,66,0.015508538
90,68,0.003877134
90,69,0.007754269
90,70,0.015508538
90,71,0
90,72,0
90,73,0.10468263
90,74,0.038771344
90,76,0
90,77,0.06978842
90,78,0.030670362
90,79,0
90,80,0.038771344
90,85,0
90,86,0.003877134
90,88,0
90,89,0.007754269
90,90,0
90,91,0.011631403
90,92,0.03489421
90,93,0
90,94,0.023262807
90,95,0.015508538
90,96,0.003877134
90,97,0
90,104,0
90,105,0
90,106,0.003877134
90,108,0
90,109,0.077542689
90,110,0.085519627
90,111,0.003877134
90,112,0
90,116,0
90,117,0
90,118,0.027139941
90,119,0
90,120,0.03489421
90,121,0
90,122,0
90,123,0.011631403
90,124,0.011631403
90,125,0
90,126,0
90,127,0
90,129,0
90,131,0
90,135,0.023262807
91,10,0
91,17,0.081918861
91,18,0
91,19,0
91,20,0
91,21,0.368634872
91,29,0
91,32,0.179863024
91,33,0.081918861
91,34,1.205219205
91,35,0.41158177
91,36,0
91,37,0
91,46,0
91,47,0
91,48,0
91,49,0.286716012
91,50,0.204797151
91,51,0.940518228
91,52,0.163837721
91,53,0.286716012
91,54,0
91,55,1.175117883
91,56,0.204797151
91,57,0.450553733
91,58,0.491513163
91,66,0.163837721
91,68,0.04095943
91,69,0.081918861
91,70,0.163837721
91,71,0
91,72,0
91,73,1.105904617
91,74,0.409594303
91,76,0
91,77,0.737269745
91,78,0.324012634
91,79,0
91,80,0.409594303
91,85,0
91,86,0.04095943
91,88,0
91,89,0.081918861
91,90,0
91,91,0
91,92,0.368634872
91,93,0
91,94,0.245756582
91,95,0.163837721
91,96,0.04095943
91,97,0
91,104,0
91,105,0
91,106,0.04095943
91,108,0
91,109,0.819188605
91,110,0.90345982
91,111,0.04095943
91,112,0
91,116,0
91,117,0
91,118,0.286716012
91,119,0
91,120,0.368634872
91,121,0
91,122,0
91,123,0.122878291
91,124,0.122878291
91,125,0
91,126,0
91,127,0
91,129,0
91,131,0
91,135,0.245756582
92,10,0
92,17,0.050134036
92,18,0
92,19,0
92,20,0
92,21,0.22560316
92,29,0
92,32,0.110075496
92,33,0.050134036
92,34,0.737589635
92,35,0.2518865
92,36,0
92,37,0
92,46,0
92,47,0
92,48,0
92,49,0.175469124
92,50,0.125335089
92,51,0.57559363
92,52,0.100268071
92,53,0.175469124
92,54,0
92,55,0.719167739
92,56,0.125335089
92,57,0.275737195
92,58,0.300804213
92,66,0.100268071
92,68,0.025067018
92,69,0.050134036
92,70,0.100268071
92,71,0
92,72,0
92,73,0.67680948
92,74,0.250670178
92,76,0
92,77,0.45120632
92,78,0.198294517
92,79,0
92,80,0.250670178
92,85,0
92,86,0.025067018
92,88,0
92,89,0.050134036
92,90,0
92,91,0.075201053
92,92,0
92,93,0
92,94,0.150402107
92,95,0.100268071
92,96,0.025067018
92,97,0
92,104,0
92,105,0
92,106,0.025067018
92,108,0
92,109,0.501340355
92,110,0.552914023
92,111,0.025067018
92,112,0
92,116,0
92,117,0
92,118,0.175469124
92,119,0
92,120,0.22560316
92,121,0
92,122,0
92,123,0.075201053
92,124,0.075201053
92,125,0
92,126,0
92,127,0
92,129,0
92,131,0
92,135,0.150402107
93,10,0
93,17,0.006641032
93,18,0
93,19,0
93,20,0
93,21,0.029884645
93,29,0
93,32,0.01458121
93,33,0.006641032
93,34,0.097705212
93,35,0.033366282
93,36,0
93,37,0
93,46,0
93,47,0
93,48,0
93,49,0.023243613
93,50,0.016602581
93,51,0.076246323
93,52,0.013282065
93,53,0.023243613
93,54,0
93,55,0.095264946
93,56,0.016602581
93,57,0.036525678
93,58,0.039846194
93,66,0.013282065
93,68,0.003320516
93,69,0.006641032
93,70,0.013282065
93,71,0
93,72,0
93,73,0.089653936
93,74,0.033205161
93,76,0
93,77,0.05976929
93,78,0.026267191
93,79,0
93,80,0.033205161
93,85,0
93,86,0.003320516
93,88,0
93,89,0.006641032
93,90,0
93,91,0.009961548
93,92,0.029884645
93,93,0
93,94,0.019923097
93,95,0.013282065
93,96,0.003320516
93,97,0
93,104,0
93,105,0
93,106,0.003320516
93,108,0
93,109,0.066410323
93,110,0.073242057
93,111,0.003320516
93,112,0
93,116,0
93,117,0
93,118,0.023243613
93,119,0
93,120,0.029884645
93,121,0
93,122,0
93,123,0.009961548
93,124,0.009961548
93,125,0
93,126,0
93,127,0
93,129,0
93,131,0
93,135,0.019923097
94,10,0
94,17,0.010211067
94,18,0
94,19,0
94,20,0
94,21,0.045949801
94,29,0
94,32,0.022419665
94,33,0.010211067
94,34,0.150228823
94,35,0.05130307
94,36,0
94,37,0
94,46,0
94,47,0
94,48,0
94,49,0.035738734
94,50,0.025527667
94,51,0.117234231
94,52,0.020422134
94,53,0.035738734
94,54,0
94,55,0.146476737
94,56,0.025527667
94,57,0.056160868
94,58,0.061266402
94,66,0.020422134
94,68,0.005105533
94,69,0.010211067
94,70,0.020422134
94,71,0
94,72,0
94,73,0.137849404
94,74,0.051055335
94,76,0
94,77,0.091899603
94,78,0.040387704
94,79,0
94,80,0.051055335
94,85,0
94,86,0.005105533
94,88,0
94,89,0.010211067
94,90,0
94,91,0.0153166
94,92,0.045949801
94,93,0
94,94,0
94,95,0.020422134
94,96,0.005105533
94,97,0
94,104,0
94,105,0
94,106,0.005105533
94,108,0
94,109,0.10211067
94,110,0.112614954
94,111,0.005105533
94,112,0
94,116,0
94,117,0
94,118,0.035738734
94,119,0
94,120,0.045949801
94,121,0
94,122,0
94,123,0.0153166
94,124,0.0153166
94,125,0
94,126,0
94,127,0
94,129,0
94,131,0
94,135,0.030633201
95,10,0
95,17,0.053819233
95,18,0
95,19,0
95,20,0
95,21,0.242186547
95,29,0
95,32,0.118166804
95,33,0.053819233
95,34,0.791807556
95,35,0.270401894
95,36,0
95,37,0
95,46,0
95,47,0
95,48,0
95,49,0.188367314
95,50,0.134548082
95,51,0.617903728
95,52,0.107638465
95,53,0.188367314
95,54,0
95,55,0.772031524
95,56,0.134548082
95,57,0.29600578
95,58,0.322915396
95,66,0.107638465
95,68,0.026909616
95,69,0.053819233
95,70,0.107638465
95,71,0
95,72,0
95,73,0.726559641
95,74,0.269096163
95,76,0
95,77,0.484373094
95,78,0.212870531
95,79,0
95,80,0.269096163
95,85,0
95,86,0.026909616
95,88,0
95,89,0.053819233
95,90,0
95,91,0.080728849
95,92,0.242186547
95,93,0
95,94,0.161457698
95,95,0
95,96,0.026909616
95,97,0
95,104,0
95,105,0
95,106,0.026909616
95,108,0
95,109,0.538192326
95,110,0.593557014
95,111,0.026909616
95,112,0
95,116,0
95,117,0
95,118,0.188367314
95,119,0
95,120,0.242186547
95,121,0
95,122,0
95,123,0.080728849
95,124,0.080728849
95,125,0
95,126,0
95,127,0
95,129,0
95,131,0
95,135,0.161457698
96,10,0
96,17,0.019807934
96,18,0
96,19,0
96,20,0
96,21,0.089135705
96,29,0
96,32,0.043490778
96,33,0.019807934
96,34,0.291421326
96,35,0.099520241
96,36,0
96,37,0
96,46,0
96,47,0
96,48,0
96,49,0.06932777
96,50,0.049519836
96,51,0.227416779
96,52,0.039615869
96,53,0.06932777
96,54,0
96,55,0.284142843
96,56,0.049519836
96,57,0.108943639
96,58,0.118847606
96,66,0.039615869
96,68,0.009903967
96,69,0.019807934
96,70,0.039615869
96,71,0
96,72,0
96,73,0.267407115
96,74,0.099039672
96,76,0
96,77,0.17827141
96,78,0.078346073
96,79,0
96,80,0.099039672
96,85,0
96,86,0.009903967
96,88,0
96,89,0.019807934
96,90,0
96,91,0.029711902
96,92,0.089135705
96,93,0
96,94,0.059423803
96,95,0.039615869
96,96,0
96,97,0
96,104,0
96,105,0
96,106,0.009903967
96,108,0
96,109,0.198079344
96,110,0.218456076
96,111,0.009903967
96,112,0
96,116,0
96,117,0
96,118,0.06932777
96,119,0
96,120,0.089135705
96,121,0
96,122,0
96,123,0.029711902
96,124,0.029711902
96,125,0
96,126,0
96,127,0
96,129,0
96,131,0
96,135,0.059423803
97,10,0
97,17,0.008253306
97,18,0
97,19,0
97,20,0
97,21,0.037139877
97,29,0
97,32,0.018121157
97,33,0.008253306
97,34,0.121425552
97,35,0.041466767
97,36,0
97,37,0
97,46,0
97,47,0
97,48,0
97,49,0.028886571
97,50,0.020633265
97,51,0.094756991
97,52,0.016506612
97,53,0.028886571
97,54,0
97,55,0.118392851
97,56,0.020633265
97,57,0.045393183
97,58,0.049519836
97,66,0.016506612
97,68,0.004126653
97,69,0.008253306
97,70,0.016506612
97,71,0
97,72,0
97,73,0.111419631
97,74,0.04126653
97,76,0
97,77,0.074279754
97,78,0.032644197
97,79,0
97,80,0.04126653
97,85,0
97,86,0.004126653
97,88,0
97,89,0.008253306
97,90,0
97,91,0.012379959
97,92,0.037139877
97,93,0
97,94,0.024759918
97,95,0.016506612
97,96,0.004126653
97,97,0
97,104,0
97,105,0
97,106,0.004126653
97,108,0
97,109,0.08253306
97,110,0.091023365
97,111,0.004126653
97,112,0
97,116,0
97,117,0
97,118,0.028886571
97,119,0
97,120,0.037139877
97,121,0
97,122,0
97,123,0.012379959
97,124,0.012379959
97,125,0
97,126,0
97,127,0
97,129,0
97,131,0
97,135,0.024759918
104,10,0
104,17,0.008598793
104,18,0
104,19,0
104,20,0
104,21,0.03869457
104,29,0
104,32,0.018879718
104,33,0.008598793
104,34,0.126508483
104,35,0.043202585
104,36,0
104,37,0
104,46,0
104,47,0
104,48,0
104,49,0.030095776
104,50,0.021496983
104,51,0.098723563
104,52,0.017197586
104,53,0.030095776
104,54,0
104,55,0.123348831
104,56,0.021496983
104,57,0.047293363
104,58,0.051592759
104,66,0.017197586
104,68,0.004299397
104,69,0.008598793
104,70,0.017197586
104,71,0
104,72,0
104,73,0.116083709
104,74,0.042993966
104,76,0
104,77,0.077389139
104,78,0.034010698
104,79,0
104,80,0.042993966
104,85,0
104,86,0.004299397
104,88,0
104,89,0.008598793
104,90,0
104,91,0.01289819
104,92,0.03869457
104,93,0
104,94,0.02579638
104,95,0.017197586
104,96,0.004299397
104,97,0
104,104,0
104,105,0
104,106,0.004299397
104,108,0
104,109,0.085987932
104,110,0.094833646
104,111,0.004299397
104,112,0
104,116,0
104,117,0
104,118,0.030095776
104,119,0
104,120,0.03869457
104,121,0
104,122,0
104,123,0.01289819
104,124,0.01289819
104,125,0
104,126,0
104,127,0
104,129,0
104,131,0
104,135,0.02579638
105,10,0
105,17,0.007600719
105,18,0
105,19,0
105,20,0
105,21,0.034203236
105,29,0
105,32,0.016688322
105,33,0.007600719
105,34,0.111824462
105,35,0.038187999
105,36,0
105,37,0
105,46,0
105,47,0
105,48,0
105,49,0.026602517
105,50,0.019001798
105,51,0.087264578
105,52,0.015201438
105,53,0.026602517
105,54,0
105,55,0.109031556
105,56,0.019001798
105,57,0.041803955
105,58,0.045604314
105,66,0.015201438
105,68,0.00380036
105,69,0.007600719
105,70,0.015201438
105,71,0
105,72,0
105,73,0.102609707
105,74,0.038003595
105,76,0
105,77,0.068406471
105,78,0.030063028
105,79,0
105,80,0.038003595
105,85,0
105,86,0.00380036
105,88,0
105,89,0.007600719
105,90,0
105,91,0.011401079
105,92,0.034203236
105,93,0
105,94,0.022802157
105,95,0.015201438
105,96,0.00380036
105,97,0
105,104,0
105,105,0
105,106,0.00380036
105,108,0
105,109,0.07600719
105,110,0.083826169
105,111,0.00380036
105,112,0
105,116,0
105,117,0
105,118,0.026602517
105,119,0
105,120,0.034203236
105,121,0
105,122,0
105,123,0.011401079
105,124,0.011401079
105,125,0
105,126,0
105,127,0
105,129,0
105,131,0
105,135,0.022802157
106,10,0
106,17,0.051746309
106,18,0
106,19,0
106,20,0
106,21,0.232858392
106,29,0
106,32,0.113615443
106,33,0.051746309
106,34,0.761309976
106,35,0.259986985
106,36,0
106,37,0
106,46,0
106,47,0
106,48,0
106,49,0.181112082
106,50,0.129365773
106,51,0.594104298
106,52,0.103492619
106,53,0.181112082
106,54,0
106,55,0.742295645
106,56,0.129365773
106,57,0.284604701
106,58,0.310477856
106,66,0.103492619
106,68,0.025873155
106,69,0.051746309
106,70,0.103492619
106,71,0
106,72,0
106,73,0.698575175
106,74,0.258731546
106,76,0
106,77,0.465716783
106,78,0.204671523
106,79,0
106,80,0.258731546
106,85,0
106,86,0.025873155
106,88,0
106,89,0.051746309
106,90,0
106,91,0.077619464
106,92,0.232858392
106,93,0
106,94,0.155238928
106,95,0.103492619
106,96,0.025873155
106,97,0
106,104,0
106,105,0
106,106,0
106,108,0
106,109,0.517463093
106,110,0.570695331
106,111,0.025873155
106,112,0
106,116,0
106,117,0
106,118,0.181112082
106,119,0
106,120,0.232858392
106,121,0
106,122,0
106,123,0.077619464
106,124,0.077619464
106,125,0
106,126,0
106,127,0
106,129,0
106,131,0
106,135,0.155238928
108,10,0
108,17,0.059807678
108,18,0
108,19,0
108,20,0
108,21,0.269134551
108,29,0
108,32,0.131315178
108,33,0.059807678
108,34,0.879911678
108,35,0.300489409
108,36,0
108,37,0
108,46,0
108,47,0
108,48,0
108,49,0.209326873
108,50,0.149519195
108,51,0.686657638
108,52,0.119615356
108,53,0.209326873
108,54,0
108,55,0.857935174
108,56,0.149519195
108,57,0.328942229
108,58,0.358846068
108,66,0.119615356
108,68,0.029903839
108,69,0.059807678
108,70,0.119615356
108,71,0
108,72,0
108,73,0.807403652
108,74,0.29903839
108,76,0
108,77,0.538269101
108,78,0.236556553
108,79,0
108,80,0.29903839
108,85,0
108,86,0.029903839
108,88,0
108,89,0.059807678
108,90,0
108,91,0.089711517
108,92,0.269134551
108,93,0
108,94,0.179423034
108,95,0.119615356
108,96,0.029903839
108,97,0
108,104,0
108,105,0
108,106,0.029903839
108,108,0
108,109,0.598076779
108,110,0.659601874
108,111,0.029903839
108,112,0
108,116,0
108,117,0
108,118,0.209326873
108,119,0
108,120,0.269134551
108,121,0
108,122,0
108,123,0.089711517
108,124,0.089711517
108,125,0
108,126,0
108,127,0
108,129,0
108,131,0
108,135,0.179423034
109,10,0
109,17,0.047562075
109,18,0
109,19,0
109,20,0
109,21,0.214029338
109,29,0
109,32,0.104428438
109,33,0.047562075
109,34,0.699750044
109,35,0.238964299
109,36,0
109,37,0
109,46,0
109,47,0
109,48,0
109,49,0.166467263
109,50,0.118905188
109,51,0.546064707
109,52,0.09512415
109,53,0.166467263
109,54,0
109,55,0.682273223
109,56,0.118905188
109,57,0.261591413
109,58,0.28537245
109,66,0.09512415
109,68,0.023781038
109,69,0.047562075
109,70,0.09512415
109,71,0
109,72,0
109,73,0.642088013
109,74,0.237810375
109,76,0
109,77,0.428058676
109,78,0.188121674
109,79,0
109,80,0.237810375
109,85,0
109,86,0.023781038
109,88,0
109,89,0.047562075
109,90,0
109,91,0.071343113
109,92,0.214029338
109,93,0
109,94,0.142686225
109,95,0.09512415
109,96,0.023781038
109,97,0
109,104,0
109,105,0
109,106,0.023781038
109,108,0
109,109,0
109,110,0.524548602
109,111,0.023781038
109,112,0
109,116,0
109,117,0
109,118,0.166467263
109,119,0
109,120,0.214029338
109,121,0
109,122,0
109,123,0.071343113
109,124,0.071343113
109,125,0
109,126,0
109,127,0
109,129,0
109,131,0
109,135,0.142686225
110,10,0
110,17,0.063032225
110,18,0
110,19,0
110,20,0
110,21,0.283645014
110,29,0
110,32,0.138395072
110,33,0.063032225
110,34,0.927352359
110,35,0.316690378
110,36,0
110,37,0
110,46,0
110,47,0
110,48,0
110,49,0.220612789
110,50,0.157580563
110,51,0.723678974
110,52,0.126064451
110,53,0.220612789
110,54,0
110,55,0.904190986
110,56,0.157580563
110,57,0.34667724
110,58,0.378193352
110,66,0.126064451
110,68,0.031516113
110,69,0.063032225
110,70,0.126064451
110,71,0
110,72,0
110,73,0.850935043
110,74,0.315161127
110,76,0
110,77,0.567290028
110,78,0.249310564
110,79,0
110,80,0.315161127
110,85,0
110,86,0.031516113
110,88,0
110,89,0.063032225
110,90,0
110,91,0.094548338
110,92,0.283645014
110,93,0
110,94,0.189096676
110,95,0.126064451
110,96,0.031516113
110,97,0
110,104,0
110,105,0
110,106,0.031516113
110,108,0
110,109,0.630322254
110,110,0
110,111,0.031516113
110,112,0
110,116,0
110,117,0
110,118,0.220612789
110,119,0
110,120,0.283645014
110,121,0
110,122,0
110,123,0.094548338
110,124,0.094548338
110,125,0
110,126,0
110,127,0
110,129,0
110,131,0
110,135,0.189096676
111,10,0
111,17,0.01896341
111,18,0
111,19,0
111,20,0
111,21,0.085335345
111,29,0
111,32,0.04163652
111,33,0.01896341
111,34,0.278996386
111,35,0.09527713
111,36,0
111,37,0
111,46,0
111,47,0
111,48,0
111,49,0.066371935
111,50,0.047408525
111,51,0.217720714
111,52,0.03792682
111,53,0.066371935
111,54,0
111,55,0.272028226
111,56,0.047408525
111,57,0.104298755
111,58,0.11378046
111,66,0.03792682
111,68,0.009481705
111,69,0.01896341
111,70,0.03792682
111,71,0
111,72,0
111,73,0.256006036
111,74,0.09481705
111,76,0
111,77,0.170670691
111,78,0.075005736
111,79,0
111,80,0.09481705
111,85,0
111,86,0.009481705
111,88,0
111,89,0.01896341
111,90,0
111,91,0.028445115
111,92,0.085335345
111,93,0
111,94,0.05689023
111,95,0.03792682
111,96,0.009481705
111,97,0
111,104,0
111,105,0
111,106,0.009481705
111,108,0
111,109,0.189634101
111,110,0.209142058
111,111,0
111,112,0
111,116,0
111,117,0
111,118,0.066371935
111,119,0
111,120,0.085335345
111,121,0
111,122,0
111,123,0.028445115
111,124,0.028445115
111,125,0
111,126,0
111,127,0
111,129,0
111,131,0
111,135,0.05689023
112,10,0
112,17,0.068636796
112,18,0
112,19,0
112,20,0
112,21,0.308865582
112,29,0
112,32,0.150700603
112,33,0.068636796
112,34,1.009808781
112,35,0.344849206
112,36,0
112,37,0
112,46,0
112,47,0
112,48,0
112,49,0.240228786
112,50,0.17159199
112,51,0.788025582
112,52,0.137273592
112,53,0.240228786
112,54,0
112,55,0.984587992
112,56,0.17159199
112,57,0.377502378
112,58,0.411820776
112,66,0.137273592
112,68,0.034318398
112,69,0.068636796
112,70,0.137273592
112,71,0
112,72,0
112,73,0.926596746
112,74,0.34318398
112,76,0
112,77,0.617731164
112,78,0.271478252
112,79,0
112,80,0.34318398
112,85,0
112,86,0.034318398
112,88,0
112,89,0.068636796
112,90,0
112,91,0.102955194
112,92,0.308865582
112,93,0
112,94,0.205910388
112,95,0.137273592
112,96,0.034318398
112,97,0
112,104,0
112,105,0
112,106,0.034318398
112,108,0
112,109,0.68636796
112,110,0.756975707
112,111,0.034318398
112,112,0
112,116,0
112,117,0
112,118,0.240228786
112,119,0
112,120,0.308865582
112,121,0
112,122,0
112,123,0.102955194
112,124,0.102955194
112,125,0
112,126,0
112,127,0
112,129,0
112,131,0
112,135,0.205910388
116,10,0
116,17,0.056045706
116,18,0
116,19,0
116,20,0
116,21,0.252205676
116,29,0
116,32,0.123055302
116,33,0.056045706
116,34,0.824564217
116,35,0.281588278
116,36,0
116,37,0
116,46,0
116,47,0
116,48,0
116,49,0.196159971
116,50,0.140114265
116,51,0.643466079
116,52,0.112091412
116,53,0.196159971
116,54,0
116,55,0.803970061
116,56,0.140114265
116,57,0.308251382
116,58,0.336274235
116,66,0.112091412
116,68,0.028022853
116,69,0.056045706
116,70,0.112091412
116,71,0
116,72,0
116,73,0.756617029
116,74,0.280228529
116,76,0
116,77,0.504411353
116,78,0.221676872
116,79,0
116,80,0.280228529
116,85,0
116,86,0.028022853
116,88,0
116,89,0.056045706
116,90,0
116,91,0.084068559
116,92,0.252205676
116,93,0
116,94,0.168137118
116,95,0.112091412
116,96,0.028022853
116,97,0
116,104,0
116,105,0
116,106,0.028022853
116,108,0
116,109,0.560457059
116,110,0.618112154
116,111,0.028022853
116,112,0
116,116,0
116,117,0
116,118,0.196159971
116,119,0
116,120,0.252205676
116,121,0
116,122,0
116,123,0.084068559
116,124,0.084068559
116,125,0
116,126,0
116,127,0
116,129,0
116,131,0
116,135,0.168137118
117,10,0
117,17,0.030287714
117,18,0
117,19,0
117,20,0
117,21,0.136294711
117,29,0
117,32,0.066500434
117,33,0.030287714
117,34,0.445603539
117,35,0.152173391
117,36,0
117,37,0
117,46,0
117,47,0
117,48,0
117,49,0.106006998
117,50,0.075719284
117,51,0.347736121
117,52,0.060575427
117,53,0.106006998
117,54,0
117,55,0.434474231
117,56,0.075719284
117,57,0.166582425
117,58,0.181726282
117,66,0.060575427
117,68,0.015143857
117,69,0.030287714
117,70,0.060575427
117,71,0
117,72,0
117,73,0.408884134
117,74,0.151438568
117,76,0
117,77,0.272589423
117,78,0.119796611
117,79,0
117,80,0.151438568
117,85,0
117,86,0.015143857
117,88,0
117,89,0.030287714
117,90,0
117,91,0.04543157
117,92,0.136294711
117,93,0
117,94,0.090863141
117,95,0.060575427
117,96,0.015143857
117,97,0
117,104,0
117,105,0
117,106,0.015143857
117,108,0
117,109,0.302877137
117,110,0.334034582
117,111,0.015143857
117,112,0
117,116,0
117,117,0
117,118,0.106006998
117,119,0
117,120,0.136294711
117,121,0
117,122,0
117,123,0.04543157
117,124,0.04543157
117,125,0
117,126,0
117,127,0
117,129,0
117,131,0
117,135,0.090863141
118,10,0
118,17,0.02882899
118,18,0
118,19,0
118,20,0
118,21,0.129730454
118,29,0
118,32,0.063297624
118,33,0.02882899
118,34,0.424142279
118,35,0.144844381
118,36,0
118,37,0
118,46,0
118,47,0
118,48,0
118,49,0.100901464
118,50,0.072072475
118,51,0.330988374
118,52,0.05765798
118,53,0.100901464
118,54,0
118,55,0.413548983
118,56,0.072072475
118,57,0.158559444
118,58,0.172973939
118,66,0.05765798
118,68,0.014414495
118,69,0.02882899
118,70,0.05765798
118,71,0
118,72,0
118,73,0.389191362
118,74,0.144144949
118,76,0
118,77,0.259460908
118,78,0.114026939
118,79,0
118,80,0.144144949
118,85,0
118,86,0.014414495
118,88,0
118,89,0.02882899
118,90,0
118,91,0.043243485
118,92,0.129730454
118,93,0
118,94,0.086486969
118,95,0.05765798
118,96,0.014414495
118,97,0
118,104,0
118,105,0
118,106,0.014414495
118,108,0
118,109,0.288289898
118,110,0.317946731
118,111,0.014414495
118,112,0
118,116,0
118,117,0
118,118,0
118,119,0
118,120,0.129730454
118,121,0
118,122,0
118,123,0.043243485
118,124,0.043243485
118,125,0
118,126,0
118,127,0
118,129,0
118,131,0
118,135,0.086486969
119,10,0
119,17,0.035546797
119,18,0
119,19,0
119,20,0
119,21,0.159960587
119,29,0
119,32,0.078047404
119,33,0.035546797
119,34,0.522977031
119,35,0.178596401
119,36,0
119,37,0
119,46,0
119,47,0
119,48,0
119,49,0.12441379
119,50,0.088866993
119,51,0.408116157
119,52,0.071093594
119,53,0.12441379
119,54,0
119,55,0.509915258
119,56,0.088866993
119,57,0.195507384
119,58,0.213280782
119,66,0.071093594
119,68,0.017773399
119,69,0.035546797
119,70,0.071093594
119,71,0
119,72,0
119,73,0.47988176
119,74,0.177733985
119,76,0
119,77,0.319921173
119,78,0.140597797
119,79,0
119,80,0.177733985
119,85,0
119,86,0.017773399
119,88,0
119,89,0.035546797
119,90,0
119,91,0.053320196
119,92,0.159960587
119,93,0
119,94,0.106640391
119,95,0.071093594
119,96,0.017773399
119,97,0
119,104,0
119,105,0
119,106,0.017773399
119,108,0
119,109,0.35546797
119,110,0.392035517
119,111,0.017773399
119,112,0
119,116,0
119,117,0
119,118,0.12441379
119,119,0
119,120,0.159960587
119,121,0
119,122,0
119,123,0.053320196
119,124,0.053320196
119,125,0
119,126,0
119,127,0
119,129,0
119,131,0
119,135,0.106640391
120,10,0
120,17,0.039462319
120,18,0
120,19,0
120,20,0
120,21,0.177580435
120,29,0
120,32,0.086644418
120,33,0.039462319
120,34,0.580583572
120,35,0.198269006
120,36,0
120,37,0
120,46,0
120,47,0
120,48,0
120,49,0.138118116
120,50,0.098655797
120,51,0.453070636
120,52,0.078924638
120,53,0.138118116
120,54,0
120,55,0.566083029
120,56,0.098655797
120,57,0.217042754
120,58,0.236773914
120,66,0.078924638
120,68,0.019731159
120,69,0.039462319
120,70,0.078924638
120,71,0
120,72,0
120,73,0.532741306
120,74,0.197311595
120,76,0
120,77,0.35516087
120,78,0.156084811
120,79,0
120,80,0.197311595
120,85,0
120,86,0.019731159
120,88,0
120,89,0.039462319
120,90,0
120,91,0.059193478
120,92,0.177580435
120,93,0
120,94,0.118386957
120,95,0.078924638
120,96,0.019731159
120,97,0
120,104,0
120,105,0
120,106,0.019731159
120,108,0
120,109,0.394623189
120,110,0.435218695
120,111,0.019731159
120,112,0
120,116,0
120,117,0
120,118,0.138118116
120,119,0
120,120,0
120,121,0
120,122,0
120,123,0.059193478
120,124,0.059193478
120,125,0
120,126,0
120,127,0
120,129,0
120,131,0
120,135,0.118386957
121,10,0
121,17,0.012514315
121,18,0
121,19,0
121,20,0
121,21,0.056314418
121,29,0
121,32,0.027476732
121,33,0.012514315
121,34,0.184115024
121,35,0.062875191
121,36,0
121,37,0
121,46,0
121,47,0
121,48,0
121,49,0.043800103
121,50,0.031285788
121,51,0.143678042
121,52,0.02502863
121,53,0.043800103
121,54,0
121,55,0.179516603
121,56,0.031285788
121,57,0.068828733
121,58,0.075085891
121,66,0.02502863
121,68,0.006257158
121,69,0.012514315
121,70,0.02502863
121,71,0
121,72,0
121,73,0.168943255
121,74,0.062571576
121,76,0
121,77,0.112628836
121,78,0.049497713
121,79,0
121,80,0.062571576
121,85,0
121,86,0.006257158
121,88,0
121,89,0.012514315
121,90,0
121,91,0.018771473
121,92,0.056314418
121,93,0
121,94,0.037542945
121,95,0.02502863
121,96,0.006257158
121,97,0
121,104,0
121,105,0
121,106,0.006257158
121,108,0
121,109,0.125143151
121,110,0.138016823
121,111,0.006257158
121,112,0
121,116,0
121,117,0
121,118,0.043800103
121,119,0
121,120,0.056314418
121,121,0
121,122,0
121,123,0.018771473
121,124,0.018771473
121,125,0
121,126,0
121,127,0
121,129,0
121,131,0
121,135,0.037542945
122,10,0
122,17,0.035815509
122,18,0
122,19,0
122,20,0
122,21,0.161169792
122,29,0
122,32,0.078637395
122,33,0.035815509
122,34,0.526930421
122,35,0.179946482
122,36,0
122,37,0
122,46,0
122,47,0
122,48,0
122,49,0.125354283
122,50,0.089538773
122,51,0.411201268
122,52,0.071631019
122,53,0.125354283
122,54,0
122,55,0.513769909
122,56,0.089538773
122,57,0.196985301
122,58,0.214893056
122,66,0.071631019
122,68,0.017907755
122,69,0.035815509
122,70,0.071631019
122,71,0
122,72,0
122,73,0.483509376
122,74,0.179077547
122,76,0
122,77,0.322339584
122,78,0.141660631
122,79,0
122,80,0.179077547
122,85,0
122,86,0.017907755
122,88,0
122,89,0.035815509
122,90,0
122,91,0.053723264
122,92,0.161169792
122,93,0
122,94,0.107446528
122,95,0.071631019
122,96,0.017907755
122,97,0
122,104,0
122,105,0
122,106,0.017907755
122,108,0
122,109,0.358155093
122,110,0.394999068
122,111,0.017907755
122,112,0
122,116,0
122,117,0
122,118,0.125354283
122,119,0
122,120,0.161169792
122,121,0
122,122,0
122,123,0.053723264
122,124,0.053723264
122,125,0
122,126,0
122,127,0
122,129,0
122,131,0
122,135,0.107446528
123,10,0
123,17,0.045412377
123,18,0
123,19,0
123,20,0
123,21,0.204355695
123,29,0
123,32,0.099708508
123,33,0.045412377
123,34,0.668122924
123,35,0.228163652
123,36,0
123,37,0
123,46,0
123,47,0
123,48,0
123,49,0.158943319
123,50,0.113530942
123,51,0.521383816
123,52,0.090824754
123,53,0.158943319
123,54,0
123,55,0.651436015
123,56,0.113530942
123,57,0.249768072
123,58,0.272474261
123,66,0.090824754
123,68,0.022706188
123,69,0.045412377
123,70,0.090824754
123,71,0
123,72,0
123,73,0.613067086
123,74,0.227061884
123,76,0
123,77,0.408711391
123,78,0.179619
123,79,0
123,80,0.227061884
123,85,0
123,86,0.022706188
123,88,0
123,89,0.045412377
123,90,0
123,91,0.068118565
123,92,0.204355695
123,93,0
123,94,0.13623713
123,95,0.090824754
123,96,0.022706188
123,97,0
123,104,0
123,105,0
123,106,0.022706188
123,108,0
123,109,0.454123768
123,110,0.500840191
123,111,0.022706188
123,112,0
123,116,0
123,117,0
123,118,0.158943319
123,119,0
123,120,0.204355695
123,121,0
123,122,0
123,123,0
123,124,0.068118565
123,125,0
123,126,0
123,127,0
123,129,0
123,131,0
123,135,0.13623713
124,10,0
124,17,0.074202979
124,18,0
124,19,0
124,20,0
124,21,0.333913406
124,29,0
124,32,0.162921848
124,33,0.074202979
124,34,1.091700432
124,35,0.372815165
124,36,0
124,37,0
124,46,0
124,47,0
124,48,0
124,49,0.259710427
124,50,0.185507448
124,51,0.851931459
124,52,0.148405958
124,53,0.259710427
124,54,0
124,55,1.064434334
124,56,0.185507448
124,57,0.408116385
124,58,0.445217875
124,66,0.148405958
124,68,0.03710149
124,69,0.074202979
124,70,0.148405958
124,71,0
124,72,0
124,73,1.001740218
124,74,0.371014895
124,76,0
124,77,0.667826812
124,78,0.293494105
124,79,0
124,80,0.371014895
124,85,0
124,86,0.03710149
124,88,0
124,89,0.074202979
124,90,0
124,91,0.111304469
124,92,0.333913406
124,93,0
124,94,0.222608937
124,95,0.148405958
124,96,0.03710149
124,97,0
124,104,0
124,105,0
124,106,0.03710149
124,108,0
124,109,0.742029791
124,110,0.818363558
124,111,0.03710149
124,112,0
124,116,0
124,117,0
124,118,0.259710427
124,119,0
124,120,0.333913406
124,121,0
124,122,0
124,123,0.111304469
124,124,0
124,125,0
124,126,0
124,127,0
124,129,0
124,131,0
124,135,0.222608937
125,10,0
125,17,0.016890487
125,18,0
125,19,0
125,20,0
125,21,0.07600719
125,29,0
125,32,0.037085159
125,33,0.016890487
125,34,0.248498805
125,35,0.084862221
125,36,0
125,37,0
125,46,0
125,47,0
125,48,0
125,49,0.059116703
125,50,0.042226217
125,51,0.193921284
125,52,0.033780973
125,53,0.059116703
125,54,0
125,55,0.242292347
125,56,0.042226217
125,57,0.092897677
125,58,0.10134292
125,66,0.033780973
125,68,0.008445243
125,69,0.016890487
125,70,0.033780973
125,71,0
125,72,0
125,73,0.228021571
125,74,0.084452434
125,76,0
125,77,0.15201438
125,78,0.066806729
125,79,0
125,80,0.084452434
125,85,0
125,86,0.008445243
125,88,0
125,89,0.016890487
125,90,0
125,91,0.02533573
125,92,0.07600719
125,93,0
125,94,0.05067146
125,95,0.033780973
125,96,0.008445243
125,97,0
125,104,0
125,105,0
125,106,0.008445243
125,108,0
125,109,0.168904867
125,110,0.186280375
125,111,0.008445243
125,112,0
125,116,0
125,117,0
125,118,0.059116703
125,119,0
125,120,0.07600719
125,121,0
125,122,0
125,123,0.02533573
125,124,0.02533573
125,125,0
125,126,0
125,127,0
125,129,0
125,131,0
125,135,0.05067146
126,10,0
126,17,0.010479779
126,18,0
126,19,0
126,20,0
126,21,0.047159007
126,29,0
126,32,0.023009656
126,33,0.010479779
126,34,0.154182213
126,35,0.052653151
126,36,0
126,37,0
126,46,0
126,47,0
126,48,0
126,49,0.036679227
126,50,0.026199448
126,51,0.120319342
126,52,0.020959559
126,53,0.036679227
126,54,0
126,55,0.150331388
126,56,0.026199448
126,57,0.057638786
126,58,0.062878676
126,66,0.020959559
126,68,0.00523989
126,69,0.010479779
126,70,0.020959559
126,71,0
126,72,0
126,73,0.14147702
126,74,0.052398896
126,76,0
126,77,0.094318013
126,78,0.041450538
126,79,0
126,80,0.052398896
126,85,0
126,86,0.00523989
126,88,0
126,89,0.010479779
126,90,0
126,91,0.015719669
126,92,0.047159007
126,93,0
126,94,0.031439338
126,95,0.020959559
126,96,0.00523989
126,97,0
126,104,0
126,105,0
126,106,0.00523989
126,108,0
126,109,0.104797793
126,110,0.115578506
126,111,0.00523989
126,112,0
126,116,0
126,117,0
126,118,0.036679227
126,119,0
126,120,0.047159007
126,121,0
126,122,0
126,123,0.015719669
126,124,0.015719669
126,125,0
126,126,0
126,127,0
126,129,0
126,131,0
126,135,0.031439338
127,10,0
127,17,0.029942226
127,18,0
127,19,0
127,20,0
127,21,0.134740019
127,29,0
127,32,0.065741874
127,33,0.029942226
127,34,0.440520609
127,35,0.150437573
127,36,0
127,37,0
127,46,0
127,47,0
127,48,0
127,49,0.104797793
127,50,0.074855566
127,51,0.343769549
127,52,0.059884453
127,53,0.104797793
127,54,0
127,55,0.429518252
127,56,0.074855566
127,57,0.164682245
127,58,0.179653359
127,66,0.059884453
127,68,0.014971113
127,69,0.029942226
127,70,0.059884453
127,71,0
127,72,0
127,73,0.404220057
127,74,0.149711132
127,76,0
127,77,0.269480038
127,78,0.11843011
127,79,0
127,80,0.149711132
127,85,0
127,86,0.014971113
127,88,0
127,89,0.029942226
127,90,0
127,91,0.04491334
127,92,0.134740019
127,93,0
127,94,0.089826679
127,95,0.059884453
127,96,0.014971113
127,97,0
127,104,0
127,105,0
127,106,0.014971113
127,108,0
127,109,0.299422264
127,110,0.330224302
127,111,0.014971113
127,112,0
127,116,0
127,117,0
127,118,0.104797793
127,119,0
127,120,0.134740019
127,121,0
127,122,0
127,123,0.04491334
127,124,0.04491334
127,125,0
127,126,0
127,127,0
127,129,0
127,131,0
127,135,0.089826679
129,10,0
129,17,0.007063294
129,18,0
129,19,0
129,20,0
129,21,0.031784825
129,29,0
129,32,0.015508339
129,33,0.007063294
129,34,0.103917682
129,35,0.035487838
129,36,0
129,37,0
129,46,0
129,47,0
129,48,0
129,49,0.024721531
129,50,0.017658236
129,51,0.081094355
129,52,0.014126589
129,53,0.024721531
129,54,0
129,55,0.101322254
129,56,0.017658236
129,57,0.038848119
129,58,0.042379767
129,66,0.014126589
129,68,0.003531647
129,69,0.007063294
129,70,0.014126589
129,71,0
129,72,0
129,73,0.095354475
129,74,0.035316472
129,76,0
129,77,0.06356965
129,78,0.027937359
129,79,0
129,80,0.035316472
129,85,0
129,86,0.003531647
129,88,0
129,89,0.007063294
129,90,0
129,91,0.010594942
129,92,0.031784825
129,93,0
129,94,0.021189883
129,95,0.014126589
129,96,0.003531647
129,97,0
129,104,0
129,105,0
129,106,0.003531647
129,108,0
129,109,0.070632944
129,110,0.077899066
129,111,0.003531647
129,112,0
129,116,0
129,117,0
129,118,0.024721531
129,119,0
129,120,0.031784825
129,121,0
129,122,0
129,123,0.010594942
129,124,0.010594942
129,125,0
129,126,0
129,127,0
129,129,0
129,131,0
129,135,0.021189883
131,10,0
131,17,0.040153293
131,18,0
131,19,0
131,20,0
131,21,0.18068982
131,29,0
131,32,0.088161538
131,33,0.040153293
131,34,0.590749432
131,35,0.201740643
131,36,0
131,37,0
131,46,0
131,47,0
131,48,0
131,49,0.140536527
131,50,0.100383233
131,51,0.46100378
131,52,0.080306587
131,53,0.140536527
131,54,0
131,55,0.575994989
131,56,0.100383233
131,57,0.220843114
131,58,0.24091976
131,66,0.080306587
131,68,0.020076647
131,69,0.040153293
131,70,0.080306587
131,71,0
131,72,0
131,73,0.542069461
131,74,0.200766467
131,76,0
131,77,0.361379641
131,78,0.158817814
131,79,0
131,80,0.200766467
131,85,0
131,86,0.020076647
131,88,0
131,89,0.040153293
131,90,0
131,91,0.06022994
131,92,0.18068982
131,93,0
131,94,0.12045988
131,95,0.080306587
131,96,0.020076647
131,97,0
131,104,0
131,105,0
131,106,0.020076647
131,108,0
131,109,0.401532934
131,110,0.442839256
131,111,0.020076647
131,112,0
131,116,0
131,117,0
131,118,0.140536527
131,119,0
131,120,0.18068982
131,121,0
131,122,0
131,123,0.06022994
131,124,0.06022994
131,125,0
131,126,0
131,127,0
131,129,0
131,131,0
131,135,0.12045988
135,10,0
135,17,0.00591167
135,18,0
135,19,0
135,20,0
135,21,0.026602517
135,29,0
135,32,0.012979806
135,33,0.00591167
135,34,0.086974582
135,35,0.029701777
135,36,0
135,37,0
135,46,0
135,47,0
135,48,0
135,49,0.020690846
135,50,0.014779176
135,51,0.067872449
135,52,0.011823341
135,53,0.020690846
135,54,0
135,55,0.084802321
135,56,0.014779176
135,57,0.032514187
135,58,0.035470022
135,66,0.011823341
135,68,0.002955835
135,69,0.00591167
135,70,0.011823341
135,71,0
135,72,0
135,73,0.07980755
135,74,0.029558352
135,76,0
135,77,0.053205033
135,78,0.023382355
135,79,0
135,80,0.029558352
135,85,0
135,86,0.002955835
135,88,0
135,89,0.00591167
135,90,0
135,91,0.008867506
135,92,0.026602517
135,93,0
135,94,0.017735011
135,95,0.011823341
135,96,0.002955835
135,97,0
135,104,0
135,105,0
135,106,0.002955835
135,108,0
135,109,0.059116703
135,110,0.065198131
135,111,0.002955835
135,112,0
135,116,0
135,117,0
135,118,0.020690846
135,119,0
135,120,0.026602517
135,121,0
135,122,0
135,123,0.008867506
135,124,0.008867506
135,125,0
135,126,0
135,127,0
135,129,0
135,131,0
135,135,0