condition,nodes,edges,length,objVal,calcTime
96_135_spath,"[96, 135]",[368],4580,0.059423803,0
96_135_5000_F,"[96, 131, 135, 79, 80, 94]","[279, 286, 355, 365, 501]",4983,0.7984209849999999,0.1591053009033203
96_135_7500_F,"[96, 131, 135, 77, 79, 55, 57, 58, 94]","[159, 170, 183, 261, 277, 355, 365, 501]",7469,9.100639662999999,5.019693374633789
96_135_10000_F,"[96, 131, 135, 73, 76, 78, 51, 52, 53, 55, 56, 58, 94]","[125, 134, 138, 157, 164, 180, 233, 252, 274, 354, 365, 501]",9927,25.828263448,11.700157165527344
96_135_12500_F,"[96, 34, 35, 36, 37, 131, 135, 74, 77, 78, 79, 52, 54, 55, 56, 58, 94]","[63, 70, 75, 85, 134, 145, 153, 164, 180, 242, 263, 274, 277, 355, 365, 501]",12330,46.567415403,38.52471923828125
96_135_15000_F,"[96, 34, 35, 36, 37, 131, 135, 74, 77, 78, 79, 51, 52, 53, 54, 55, 56, 57, 58, 94]","[63, 70, 75, 85, 125, 134, 138, 146, 153, 164, 173, 180, 242, 261, 274, 277, 355, 365, 501]",14919,70.37513467,360.3708915710449
96_104_spath,"[96, 93, 92, 91, 106, 105, 104]","[364, 348, 337, 332, 384, 378]",5707,0.146045128,0
96_104_7500_F,"[96, 104, 105, 108, 109, 110, 91, 92, 93]","[333, 341, 348, 364, 378, 388, 396, 400]",7368,7.040636355,4.440082550048828
96_104_10000_F,"[96, 72, 73, 106, 105, 76, 109, 110, 104, 89, 91, 92, 94]","[228, 236, 252, 315, 331, 341, 354, 365, 378, 384, 395, 403]",9967,16.113976288,59.79185676574707
96_104_12500_F,"[89, 96, 72, 73, 74, 105, 108, 77, 109, 79, 104, 52, 54, 55, 57, 91, 94]","[133, 150, 155, 170, 228, 236, 245, 261, 277, 315, 333, 355, 365, 378, 388, 396]",12418,38.127510615,113.3868293762207
96_104_15000_F,"[89, 96, 72, 73, 74, 106, 105, 77, 110, 79, 109, 104, 52, 54, 55, 57, 58, 91, 92, 94]","[133, 150, 155, 170, 178, 228, 236, 245, 262, 277, 315, 331, 341, 355, 365, 378, 384, 395, 403]",14968,64.799906483,114.39544105529785
96_104_17500_F,"[32, 33, 34, 36, 51, 52, 54, 55, 57, 58, 72, 73, 74, 77, 78, 79, 89, 91, 94, 96, 104, 105, 106, 109]","[50, 53, 62, 75, 125, 133, 150, 153, 170, 178, 228, 236, 245, 265, 269, 277, 315, 333, 355, 365, 378, 384, 395]",17490,97.124892633,78.86642265319824
96_104_20000_F,"[32, 33, 34, 36, 51, 52, 54, 55, 56, 58, 72, 73, 74, 77, 78, 79, 89, 91, 92, 94, 96, 104, 105, 106, 109, 110, 112]","[50, 53, 62, 75, 125, 133, 150, 153, 162, 177, 228, 236, 245, 265, 269, 277, 315, 331, 341, 355, 365, 378, 384, 395, 405, 411]",19885,131.337026192,42.71571350097656
96_10_spath,"[96, 94, 76, 74, 54, 52, 36, 34, 20, 19, 10]","[365, 354, 253, 242, 145, 130, 75, 60, 25, 17]",6860,1.274640818,0
96_10_7500_F,"[96, 34, 36, 10, 74, 76, 19, 20, 52, 54, 55, 94]","[17, 25, 60, 75, 134, 145, 153, 242, 253, 354, 365]",7299,13.012026274999998,0.8907928466796875
96_10_10000_F,"[96, 34, 35, 36, 10, 74, 76, 51, 116, 21, 52, 55, 53, 54, 94]","[36, 63, 67, 75, 125, 134, 138, 146, 153, 242, 253, 354, 365, 414]",9948,32.524236596,5.706666946411133
96_10_12500_F,"[96, 33, 34, 35, 36, 58, 10, 77, 78, 79, 51, 116, 117, 21, 52, 55, 56, 94]","[37, 55, 63, 67, 75, 122, 131, 155, 162, 177, 265, 269, 277, 355, 365, 414, 422]",12466,56.400376292000004,7.369930267333984
96_10_15000_F,"[10, 21, 33, 34, 35, 36, 51, 52, 53, 54, 55, 56, 58, 73, 74, 77, 78, 79, 94, 96, 116]","[36, 55, 63, 67, 75, 125, 129, 138, 150, 156, 162, 177, 233, 245, 265, 269, 277, 355, 365, 414]",14974,82.854643078,77.62103462219238
96_10_17500_F,"[10, 21, 33, 34, 35, 36, 37, 51, 52, 53, 54, 55, 56, 57, 58, 73, 74, 77, 78, 79, 80, 94, 96, 116]","[36, 55, 65, 67, 75, 82, 125, 129, 138, 150, 158, 162, 169, 177, 233, 245, 267, 269, 277, 283, 355, 365, 414]",17310,103.95928807199999,360.38893127441406
96_17_spath,"[96, 94, 76, 74, 54, 52, 33, 17]","[365, 354, 253, 242, 145, 129, 52]",4977,0.35976736600000003,0
96_17_5000_F,"[96, 33, 74, 76, 17, 52, 54, 94]","[52, 129, 145, 242, 253, 354, 365]",4977,2.1705810910000003,0.28302955627441406
96_17_7500_F,"[96, 34, 36, 77, 79, 17, 52, 54, 55, 57, 94]","[59, 75, 134, 145, 153, 169, 261, 277, 355, 365]",7312,18.516912731999998,5.297014236450195
96_17_10000_F,"[96, 33, 34, 36, 77, 78, 79, 17, 51, 52, 55, 57, 58, 94]","[55, 59, 75, 122, 131, 155, 170, 178, 265, 269, 277, 355, 365]",9982,38.304456769,6.683427810668945
96_17_12500_F,"[32, 33, 34, 96, 36, 73, 74, 76, 77, 78, 79, 17, 51, 52, 55, 57, 58, 94]","[48, 55, 59, 75, 121, 131, 155, 170, 178, 237, 248, 252, 265, 269, 277, 354, 365]",12498,58.502842331,40.20033836364746
96_17_15000_F,"[17, 32, 33, 34, 36, 51, 52, 54, 55, 57, 72, 73, 74, 89, 91, 92, 93, 96, 109, 110, 112]","[48, 55, 59, 75, 121, 131, 148, 155, 170, 225, 237, 242, 311, 329, 341, 348, 364, 393, 405, 411]",14886,80.263431391,360.2229461669922
96_86_spath,"[96, 93, 90, 89, 86]","[364, 347, 322, 312]",3704,0.032763706000000004,0
96_86_5000_F,"[96, 110, 86, 91, 92, 93]","[327, 341, 348, 364, 400]",4721,2.39149137,3.0459327697753906
96_86_7500_F,"[96, 109, 110, 112, 86, 89, 91, 92, 93, 94]","[312, 329, 341, 348, 357, 364, 365, 393, 405, 411]",7441,10.93743636,16.30390167236328
96_86_10000_F,"[89, 96, 72, 73, 74, 77, 79, 52, 54, 55, 86, 57, 58, 94]","[133, 150, 155, 170, 178, 228, 236, 245, 262, 277, 312, 355, 365]",9878,26.691006243,187.3304500579834
96_86_12500_F,"[89, 96, 72, 73, 74, 77, 110, 79, 109, 52, 54, 55, 86, 57, 91, 92, 94]","[133, 150, 155, 170, 228, 236, 245, 261, 277, 316, 327, 341, 355, 365, 393, 403]",12457,50.610567759999995,235.15882682800293
96_86_15000_F,"[96, 58, 73, 74, 77, 78, 110, 109, 79, 51, 52, 54, 55, 86, 57, 90, 91, 92, 94]","[127, 131, 150, 155, 170, 178, 239, 245, 265, 269, 277, 324, 327, 341, 355, 365, 393, 403]",14746,76.364112533,360.3780002593994
96_121_spath,"[96, 94, 79, 77, 58, 125, 121]","[365, 355, 277, 262, 181, 474]",4775,0.697078064,0
96_121_5000_F,"[96, 77, 79, 121, 58, 125, 94]","[181, 262, 277, 355, 365, 474]",4775,2.320983199,0.3682880401611328
96_121_7500_F,"[96, 121, 74, 76, 52, 54, 55, 56, 57, 58, 125, 94]","[134, 145, 158, 166, 172, 177, 242, 253, 354, 365, 474]",7291,14.224193861000002,10.19906234741211
96_121_10000_F,"[96, 33, 34, 36, 73, 74, 76, 51, 52, 54, 55, 56, 121, 125, 94]","[54, 64, 79, 122, 131, 145, 157, 166, 237, 242, 252, 354, 365, 474]",9906,31.978371213,10.305213928222656
96_121_12500_F,"[32, 33, 34, 35, 36, 37, 121, 96, 77, 78, 79, 51, 52, 55, 57, 58, 125, 94]","[48, 55, 63, 70, 75, 88, 121, 131, 155, 170, 178, 265, 269, 277, 355, 365, 474]",12476,54.292812083,43.80640411376953
96_121_15000_F,"[34, 35, 36, 37, 51, 52, 53, 54, 55, 56, 57, 58, 73, 74, 77, 78, 79, 94, 96, 121, 125]","[63, 70, 75, 85, 125, 134, 138, 150, 153, 166, 169, 178, 233, 245, 265, 269, 277, 355, 365, 474]",14602,80.913756067,360.3086166381836
135_96_spath,"[135, 96]",[503],4580,0.002955835,0
135_96_5000_F,"[96, 131, 135, 79, 80, 94]","[280, 284, 357, 499, 508]",4983,0.7984209849999999,0.21896934509277344
135_96_7500_F,"[96, 131, 135, 77, 79, 55, 57, 58, 94]","[158, 174, 176, 266, 280, 357, 497, 508]",7469,9.100639662999999,6.118442535400391
135_96_10000_F,"[96, 131, 135, 73, 76, 78, 51, 52, 53, 55, 56, 58, 94]","[126, 131, 142, 155, 162, 177, 238, 258, 269, 357, 498, 508]",9927,25.828263448,9.964788436889648
135_96_12500_F,"[96, 34, 35, 36, 37, 131, 135, 74, 77, 78, 79, 52, 54, 55, 56, 58, 94]","[64, 68, 79, 82, 133, 150, 155, 161, 177, 247, 266, 269, 280, 357, 498, 508]",12330,46.567415403,32.01224327087402
135_96_15000_F,"[131, 135, 32, 33, 34, 35, 36, 37, 51, 52, 54, 55, 56, 57, 58, 73, 74, 76, 78, 94, 96]","[50, 53, 64, 68, 74, 82, 125, 133, 150, 157, 161, 170, 178, 238, 245, 258, 269, 357, 498, 508]",14972,73.37045732,116.86159324645996
135_96_17500_F,"[131, 135, 32, 33, 34, 35, 36, 37, 51, 52, 53, 55, 56, 57, 58, 72, 73, 77, 78, 79, 89, 91, 92, 93, 94, 96, 109, 110]","[48, 55, 63, 64, 68, 70, 75, 79, 82, 84, 121, 126, 131, 142, 155, 158, 161, 177, 179, 228, 236, 266, 269, 280, 315, 331, 333, 338, 341, 351, 357, 393, 397, 401, 403, 498, 508]",29428,95.77608872966113,360.15615463256836
135_104_spath,"[135, 80, 79, 76, 72, 89, 88, 105, 104]","[502, 284, 276, 251, 228, 313, 306, 378]",9433,0.03792682,0
135_104_10000_F,"[89, 131, 135, 72, 73, 74, 105, 104, 54, 88, 57, 58]","[150, 169, 178, 228, 236, 245, 306, 313, 378, 497, 508]",9853,9.103204584,1.3833560943603516
135_104_12500_F,"[131, 135, 72, 73, 74, 106, 105, 109, 78, 104, 52, 54, 55, 89, 58, 91]","[133, 150, 155, 176, 228, 236, 245, 269, 315, 333, 378, 384, 395, 498, 508]",12410,35.805061620000004,12.019271850585938
135_104_15000_F,"[89, 131, 135, 72, 73, 74, 106, 105, 109, 78, 110, 104, 52, 54, 55, 57, 58, 91, 92]","[133, 150, 155, 170, 178, 228, 236, 245, 269, 315, 331, 341, 378, 384, 395, 403, 498, 508]",14819,60.88121575999999,11.960575103759766
135_104_17500_F,"[131, 135, 33, 34, 35, 36, 37, 51, 52, 54, 55, 57, 58, 72, 73, 74, 78, 89, 91, 104, 105, 106, 109]","[56, 64, 68, 74, 82, 125, 133, 150, 154, 170, 178, 228, 236, 245, 269, 315, 333, 378, 384, 395, 498, 508]",17435,90.392872,17.879192352294922
135_104_20000_F,"[131, 135, 33, 34, 35, 36, 37, 51, 52, 54, 55, 56, 57, 58, 72, 73, 74, 78, 89, 91, 92, 104, 105, 106, 109, 110]","[56, 64, 68, 74, 82, 125, 133, 150, 157, 161, 170, 178, 228, 236, 245, 269, 315, 331, 341, 378, 384, 395, 403, 498, 508]",19980,126.358799962,6.8824920654296875
135_10_spath,"[135, 126, 122, 120, 117, 116, 10]","[505, 480, 455, 439, 422, 414]",5461,0.161169792,0
135_10_7500_F,"[34, 131, 36, 135, 10, 19, 20, 55, 56, 58]","[17, 25, 60, 75, 153, 162, 177, 497, 508]",7424,10.833894364,4.749135971069336
135_10_10000_F,"[34, 35, 36, 131, 135, 10, 116, 117, 21, 55, 52, 54, 58, 57]","[37, 63, 67, 75, 134, 145, 153, 169, 178, 414, 422, 497, 508]",9932,28.957136604000002,9.277433395385742
135_10_12500_F,"[34, 35, 36, 131, 135, 73, 10, 74, 77, 78, 51, 116, 21, 52, 55, 53]","[36, 63, 67, 75, 125, 134, 138, 153, 233, 245, 263, 270, 414, 498, 508]",12499,52.678067073,10.855178833007812
135_10_15000_F,"[34, 35, 36, 58, 131, 135, 73, 10, 74, 77, 78, 51, 116, 117, 21, 55, 52, 53, 54, 57]","[37, 63, 67, 75, 125, 134, 138, 150, 153, 169, 178, 233, 245, 262, 270, 414, 422, 498, 508]",14946,78.02441949599998,32.19814109802246
135_10_17500_F,"[131, 135, 10, 21, 33, 34, 35, 36, 37, 51, 52, 53, 54, 55, 57, 58, 73, 74, 77, 78, 79, 80, 116, 117]","[37, 55, 65, 67, 75, 82, 122, 133, 138, 150, 155, 170, 178, 233, 245, 262, 272, 277, 284, 414, 422, 498, 508]",17487,99.16366772515197,360.3522834777832
135_17_spath,"[135, 125, 37, 34, 17]","[504, 471, 81, 59]",5022,0.7979631899999999,0
135_17_7500_F,"[34, 131, 36, 135, 17, 52, 54, 55, 57, 58]","[59, 75, 134, 145, 153, 169, 178, 497, 508]",7319,16.222519458,6.039703369140625
135_17_10000_F,"[32, 33, 34, 131, 36, 135, 78, 17, 51, 52, 54, 55, 56, 58]","[48, 55, 59, 75, 121, 131, 145, 156, 162, 177, 269, 498, 508]",9989,34.172572517999996,9.75991439819336
135_17_12500_F,"[33, 34, 131, 36, 135, 73, 74, 78, 17, 51, 52, 53, 54, 55, 56, 57, 58]","[55, 59, 75, 125, 129, 138, 150, 158, 162, 169, 177, 233, 245, 269, 498, 508]",12465,56.48220550099999,36.2958869934082
135_17_15000_F,"[32, 33, 34, 35, 36, 37, 131, 135, 73, 74, 77, 78, 79, 17, 51, 52, 54, 55, 56, 58]","[48, 55, 59, 68, 79, 82, 121, 131, 145, 157, 161, 179, 234, 245, 266, 269, 275, 498, 508]",14886,75.27656320000001,360.1305465698242
135_86_spath,"[135, 80, 79, 76, 72, 89, 86]","[502, 284, 276, 251, 228, 312]",7289,0.062936257,0
135_86_7500_F,"[89, 131, 135, 72, 73, 74, 86, 57, 58]","[173, 178, 228, 236, 245, 312, 497, 508]",7415,6.660110844999999,0.4876060485839844
135_86_10000_F,"[89, 131, 135, 72, 73, 74, 78, 52, 54, 55, 86, 57, 58]","[133, 150, 155, 170, 178, 228, 236, 245, 269, 312, 498, 508]",9729,24.360593115,8.769742965698242
135_86_12500_F,"[34, 35, 36, 37, 131, 135, 72, 73, 74, 78, 52, 54, 55, 56, 89, 58, 86]","[64, 68, 79, 82, 133, 150, 155, 161, 177, 228, 236, 245, 269, 312, 498, 508]",12474,47.184439020999996,9.78431510925293
135_86_15000_F,"[89, 131, 58, 135, 73, 74, 109, 78, 110, 112, 51, 52, 54, 55, 86, 57, 90, 91, 92]","[127, 131, 150, 155, 170, 178, 239, 245, 269, 312, 324, 329, 341, 393, 405, 411, 498, 508]",14949,73.754660445,13.041753768920898
135_86_17500_F,"[131, 135, 33, 34, 35, 36, 37, 51, 52, 54, 55, 56, 58, 73, 74, 78, 86, 89, 90, 91, 92, 109, 110]","[56, 64, 68, 74, 82, 125, 133, 150, 154, 162, 177, 239, 245, 269, 312, 324, 329, 341, 393, 403, 498, 508]",17493,108.67556682400001,7.202661514282227
135_86_20000_F,"[131, 135, 32, 33, 34, 35, 36, 37, 51, 52, 54, 55, 56, 57, 58, 73, 74, 77, 78, 86, 90, 91, 92, 109, 110, 112]","[50, 53, 64, 68, 74, 82, 125, 133, 150, 154, 162, 172, 177, 239, 245, 261, 270, 324, 327, 341, 393, 405, 411, 498, 508]",19999,140.55911176499998,24.41246795654297
104_96_spath,"[104, 105, 106, 91, 92, 93, 96]","[375, 379, 383, 331, 338, 351]",5707,0.453375212,0
104_96_7500_F,"[96, 104, 105, 108, 109, 110, 91, 92, 93]","[334, 338, 351, 375, 380, 390, 393, 401]",7368,7.040636355,5.108005523681641
104_96_10000_F,"[96, 72, 73, 106, 105, 76, 109, 110, 104, 89, 91, 92, 94]","[225, 238, 258, 311, 329, 337, 357, 375, 379, 386, 397, 401]",9967,16.113976288,71.67912864685059
104_96_12500_F,"[89, 96, 72, 73, 74, 105, 108, 77, 109, 79, 104, 52, 54, 55, 57, 91, 94]","[134, 145, 158, 174, 225, 237, 242, 266, 280, 311, 329, 357, 375, 380, 390, 393]",12418,38.127510615,190.25097846984863
104_96_15000_F,"[89, 96, 72, 73, 74, 106, 105, 77, 110, 79, 109, 104, 52, 54, 55, 57, 58, 91, 92, 94]","[134, 145, 158, 172, 179, 225, 237, 242, 266, 280, 311, 329, 337, 357, 375, 379, 386, 397, 401]",14968,64.799906483,360.1678218841553
104_135_spath,"[104, 105, 88, 89, 72, 76, 79, 80, 135]","[375, 377, 304, 311, 227, 255, 279, 287]",9433,0.29896161499999996,0
104_135_10000_F,"[89, 131, 135, 72, 73, 74, 105, 104, 54, 88, 57, 58]","[148, 172, 183, 225, 237, 242, 304, 311, 375, 377, 501]",9853,9.103204584,1.556772232055664
104_135_12500_F,"[131, 135, 72, 73, 74, 106, 105, 109, 78, 104, 52, 54, 55, 89, 58, 91]","[134, 145, 159, 180, 225, 237, 242, 274, 311, 329, 375, 379, 386, 393, 501]",12410,35.805061620000004,14.367998123168945
104_135_15000_F,"[89, 131, 135, 72, 73, 74, 106, 105, 109, 78, 110, 104, 52, 54, 55, 57, 58, 91, 92]","[134, 145, 158, 172, 180, 225, 237, 242, 274, 311, 329, 337, 375, 379, 386, 397, 401, 501]",14819,60.88121575999999,11.700729370117188
104_135_17500_F,"[131, 135, 33, 34, 35, 36, 37, 51, 52, 54, 55, 57, 58, 72, 73, 74, 78, 89, 91, 104, 105, 106, 109]","[55, 63, 70, 75, 84, 122, 131, 145, 158, 172, 180, 225, 237, 242, 274, 311, 329, 375, 379, 386, 393, 501]",17435,90.392872,13.569482803344727
104_135_20000_F,"[131, 135, 33, 34, 35, 36, 37, 51, 52, 54, 55, 56, 57, 58, 72, 73, 74, 78, 89, 91, 92, 104, 105, 106, 109, 110]","[55, 63, 70, 75, 85, 122, 131, 145, 158, 162, 172, 180, 225, 237, 242, 274, 311, 329, 337, 375, 379, 386, 397, 401, 501]",19980,126.358799962,6.387296676635742
104_10_spath,"[104, 105, 88, 89, 72, 73, 54, 52, 36, 34, 20, 19, 10]","[375, 377, 304, 311, 225, 234, 145, 130, 75, 60, 25, 17]",9979,1.275255018,0
104_10_10000_F,"[34, 36, 72, 73, 10, 105, 104, 19, 20, 52, 54, 88, 89]","[17, 25, 60, 75, 130, 145, 225, 234, 304, 311, 375, 377]",9979,10.345089086,0.23900413513183594
104_10_12500_F,"[34, 35, 36, 72, 73, 10, 106, 105, 109, 104, 116, 21, 52, 55, 54, 89, 91]","[36, 63, 67, 75, 134, 145, 153, 225, 234, 311, 329, 375, 379, 386, 393, 414]",12465,43.761067175,3.24468994140625
104_10_15000_F,"[10, 21, 34, 35, 36, 52, 54, 55, 72, 73, 74, 89, 91, 92, 104, 105, 106, 109, 110, 116, 117]","[37, 63, 67, 75, 134, 145, 153, 225, 237, 242, 311, 329, 337, 375, 379, 386, 397, 401, 414, 422]",14929,72.369565571,7.205654144287109
104_10_17500_F,"[10, 21, 32, 33, 34, 35, 36, 51, 52, 54, 55, 57, 72, 73, 74, 89, 91, 92, 104, 105, 106, 109, 110, 116]","[36, 48, 55, 63, 67, 75, 121, 131, 148, 155, 170, 225, 237, 242, 311, 329, 337, 375, 379, 386, 397, 401, 414]",17408,102.332818099,5.8502349853515625
104_10_20000_F,"[10, 21, 34, 35, 36, 51, 52, 53, 54, 55, 57, 58, 72, 73, 74, 77, 78, 89, 91, 92, 104, 105, 106, 109, 110, 116]","[36, 63, 67, 75, 125, 133, 138, 150, 153, 170, 178, 225, 233, 247, 265, 269, 311, 329, 337, 375, 379, 386, 397, 401, 414]",19988,136.970740017,6.367609024047852
104_17_spath,"[104, 105, 88, 89, 72, 73, 54, 52, 33, 17]","[375, 377, 304, 311, 225, 234, 145, 129, 52]",8096,0.36038156600000004,0
104_17_10000_F,"[34, 36, 72, 73, 74, 106, 105, 104, 17, 52, 54, 55, 89, 91]","[59, 75, 134, 145, 153, 225, 237, 242, 311, 329, 375, 379, 383]",9948,26.126387195999996,1.9607372283935547
104_17_12500_F,"[34, 36, 72, 73, 74, 106, 105, 109, 110, 104, 17, 52, 54, 55, 89, 91, 92]","[59, 75, 134, 145, 153, 225, 237, 242, 311, 329, 337, 375, 379, 386, 397, 401]",12316,50.865148254,6.749019622802734
104_17_15000_F,"[89, 34, 36, 72, 73, 74, 106, 105, 109, 110, 104, 17, 51, 52, 53, 54, 55, 57, 91, 92]","[59, 75, 125, 133, 138, 150, 153, 170, 225, 233, 243, 311, 329, 337, 375, 379, 386, 397, 401]",14975,74.73838407199999,11.11948013305664
104_17_17500_F,"[17, 32, 33, 34, 36, 51, 52, 55, 56, 58, 72, 73, 74, 77, 78, 89, 91, 92, 104, 105, 106, 109, 110]","[48, 55, 59, 75, 121, 131, 155, 162, 177, 225, 237, 247, 265, 269, 311, 329, 337, 375, 379, 386, 397, 401]",17420,106.93860100499998,5.740062713623047
104_17_20000_F,"[17, 32, 33, 34, 36, 51, 52, 54, 55, 56, 57, 58, 72, 73, 74, 77, 78, 89, 91, 92, 104, 105, 106, 108, 109, 110, 112]","[48, 55, 59, 75, 121, 131, 148, 155, 162, 174, 177, 225, 237, 242, 265, 269, 311, 329, 337, 375, 379, 385, 390, 399, 401, 412]",19985,139.423605795,4.99755859375
104_86_spath,"[104, 105, 88, 86]","[375, 377, 303]",2670,0.00683297,0
104_86_5000_F,"[104, 105, 106, 109, 86, 89, 91]","[312, 329, 375, 379, 386, 393]",4797,2.4306178139999997,5.396091461181641
104_86_7500_F,"[104, 105, 106, 109, 110, 112, 86, 89, 91, 92]","[312, 329, 337, 375, 379, 386, 399, 401, 412]",7321,10.405442498000001,19.658729553222656
104_86_10000_F,"[68, 71, 104, 105, 106, 108, 109, 110, 111, 112, 86, 89, 91, 92]","[195, 215, 310, 329, 337, 375, 379, 385, 391, 399, 401, 408, 412]",9978,13.735266507,360.2638530731201
104_121_spath,"[104, 105, 88, 89, 72, 73, 54, 55, 56, 121]","[375, 377, 304, 311, 225, 234, 147, 157, 165]",8469,1.079628604,0
104_121_10000_F,"[121, 72, 73, 106, 105, 104, 109, 52, 54, 55, 56, 89, 91, 125]","[134, 145, 157, 166, 225, 234, 311, 329, 375, 379, 386, 393, 474]",9868,21.781689533999998,2.5806198120117188
104_121_12500_F,"[89, 70, 71, 104, 73, 74, 106, 105, 109, 110, 52, 54, 55, 56, 121, 91, 92, 125]","[134, 145, 157, 166, 211, 217, 237, 242, 310, 329, 337, 375, 379, 386, 397, 401, 474]",12483,43.410329063,9.765182495117188
104_121_15000_F,"[34, 35, 36, 37, 52, 54, 55, 56, 72, 73, 74, 89, 91, 92, 104, 105, 106, 109, 110, 121, 125]","[63, 70, 75, 85, 134, 145, 153, 166, 225, 237, 242, 311, 329, 337, 375, 379, 386, 397, 401, 474]",14882,70.97765176399999,32.91817092895508
104_121_17500_F,"[32, 33, 34, 36, 51, 52, 54, 55, 56, 57, 58, 72, 73, 74, 89, 91, 92, 104, 105, 106, 109, 110, 121, 125]","[48, 54, 64, 79, 121, 131, 145, 158, 166, 172, 177, 225, 237, 242, 311, 329, 337, 375, 379, 386, 397, 401, 474]",17265,99.78564839399999,15.187105178833008
104_121_20000_F,"[32, 33, 34, 36, 51, 52, 54, 55, 56, 57, 58, 72, 73, 74, 77, 78, 89, 91, 92, 104, 105, 106, 109, 110, 112, 121, 125]","[48, 54, 64, 79, 121, 131, 145, 158, 166, 174, 177, 225, 237, 242, 265, 269, 311, 329, 337, 375, 379, 386, 399, 401, 412, 474]",19892,134.285646542,9.34197998046875
10_96_spath,"[10, 19, 20, 34, 36, 52, 54, 74, 76, 94, 96]","[3, 19, 29, 64, 78, 133, 150, 246, 258, 357]",6860,0.7279903890000001,0
10_96_7500_F,"[96, 34, 36, 10, 74, 76, 19, 20, 52, 54, 55, 94]","[3, 19, 29, 64, 79, 133, 150, 155, 246, 258, 357]",7299,13.012026274999998,1.0158061981201172
10_96_10000_F,"[96, 34, 35, 36, 10, 74, 76, 51, 116, 21, 52, 55, 53, 54, 94]","[4, 35, 64, 68, 79, 126, 131, 140, 150, 155, 246, 258, 357, 416]",9948,32.524236596,8.272418975830078
10_96_12500_F,"[96, 33, 34, 35, 36, 58, 10, 77, 78, 79, 51, 116, 21, 117, 52, 55, 56, 94]","[4, 35, 56, 64, 68, 74, 125, 134, 157, 164, 180, 266, 270, 280, 357, 417, 420]",12466,56.400376292000004,23.163009643554688
10_96_15000_F,"[10, 21, 33, 34, 35, 36, 51, 52, 53, 54, 55, 56, 58, 73, 74, 77, 78, 79, 94, 96, 116]","[4, 35, 56, 64, 68, 74, 126, 134, 142, 145, 157, 164, 180, 237, 242, 266, 270, 280, 357, 416]",14880,82.854643078,72.3347225189209
10_96_17500_F,"[10, 21, 32, 33, 34, 35, 36, 51, 52, 54, 55, 57, 72, 73, 74, 89, 91, 92, 93, 96, 109, 110, 112, 116, 117]","[4, 35, 50, 53, 64, 68, 74, 125, 134, 150, 158, 169, 228, 236, 245, 315, 333, 338, 351, 399, 401, 412, 417, 420]",17499,106.82196348999997,360.4221019744873
10_135_spath,"[10, 116, 117, 120, 122, 126, 135]","[4, 417, 425, 443, 460, 485]",5461,0.167734049,0
10_135_7500_F,"[34, 131, 36, 135, 10, 19, 20, 55, 56, 58]","[3, 19, 29, 64, 79, 157, 164, 183, 501]",7424,10.833894364,6.698724746704102
10_135_10000_F,"[34, 35, 36, 131, 135, 10, 116, 21, 117, 55, 52, 54, 58, 57]","[4, 35, 64, 68, 79, 133, 148, 155, 172, 183, 417, 420, 501]",9932,28.957136604000002,9.833871841430664
10_135_12500_F,"[34, 35, 36, 131, 135, 73, 10, 74, 77, 78, 51, 116, 21, 52, 55, 53]","[4, 35, 64, 68, 79, 126, 131, 142, 155, 237, 247, 265, 274, 416, 501]",12499,52.678067073,6.575082778930664
10_135_15000_F,"[34, 35, 36, 58, 131, 135, 73, 10, 74, 77, 78, 51, 116, 21, 117, 55, 52, 53, 54, 57]","[4, 35, 64, 68, 79, 126, 131, 142, 148, 155, 172, 179, 237, 242, 265, 274, 417, 420, 501]",14946,78.02441949599998,74.95986366271973
10_135_17500_F,"[131, 135, 10, 21, 32, 33, 34, 35, 36, 37, 51, 52, 54, 55, 56, 57, 58, 73, 74, 77, 78, 79, 116, 117]","[4, 35, 50, 53, 64, 70, 74, 81, 125, 134, 149, 157, 164, 169, 178, 237, 248, 265, 274, 277, 417, 420, 501]",17394,100.08615029614025,360.2375659942627
10_104_spath,"[10, 19, 20, 34, 36, 52, 54, 73, 72, 89, 88, 105, 104]","[3, 19, 29, 64, 78, 133, 149, 236, 228, 313, 306, 378]",9979,1.180405914,0
10_104_10000_F,"[34, 36, 72, 73, 10, 105, 104, 19, 20, 52, 54, 88, 89]","[3, 19, 29, 64, 78, 133, 149, 228, 236, 306, 313, 378]",9979,10.345089086,0.21910476684570312
10_104_12500_F,"[34, 35, 36, 72, 73, 10, 106, 105, 109, 104, 116, 21, 52, 55, 54, 89, 91]","[4, 35, 64, 68, 79, 133, 149, 155, 228, 236, 315, 333, 378, 384, 395, 416]",12465,43.761067175,3.143087387084961
10_104_15000_F,"[10, 21, 34, 35, 36, 52, 54, 55, 72, 73, 74, 89, 91, 92, 104, 105, 106, 109, 110, 116, 117]","[4, 35, 64, 68, 79, 133, 150, 155, 228, 236, 245, 315, 331, 341, 378, 384, 395, 403, 417, 420]",14929,72.369565571,9.648294448852539
10_104_17500_F,"[10, 21, 32, 33, 34, 35, 36, 51, 52, 54, 55, 57, 72, 73, 74, 89, 91, 92, 104, 105, 106, 109, 110, 116]","[4, 35, 50, 53, 64, 68, 74, 125, 134, 150, 158, 169, 228, 236, 245, 315, 331, 341, 378, 384, 395, 403, 416]",17408,102.332818099,8.280145645141602
10_104_20000_F,"[10, 21, 34, 35, 36, 51, 52, 53, 54, 55, 57, 58, 72, 73, 74, 77, 78, 89, 91, 92, 104, 105, 106, 109, 110, 116]","[4, 35, 64, 68, 79, 126, 131, 142, 145, 158, 172, 180, 228, 236, 242, 263, 270, 315, 331, 341, 378, 384, 395, 403, 416]",19988,136.970740017,6.685419082641602
10_86_spath,"[10, 19, 20, 34, 33, 51, 50, 69, 68, 86]","[3, 19, 29, 62, 56, 124, 117, 201, 195]",7817,0.8430970170000001,0
10_86_10000_F,"[34, 35, 36, 70, 71, 73, 10, 74, 116, 21, 52, 55, 54, 89, 86]","[4, 35, 64, 68, 79, 133, 150, 155, 209, 220, 235, 245, 312, 416]",9990,32.032226343,3.3350887298583984
10_86_12500_F,"[34, 35, 36, 73, 10, 74, 109, 110, 116, 21, 52, 55, 54, 86, 90, 91, 92]","[4, 35, 64, 68, 79, 133, 150, 155, 239, 245, 324, 327, 341, 393, 403, 416]",12445,59.065167877,3.295736312866211
10_86_15000_F,"[10, 21, 34, 35, 36, 51, 52, 53, 54, 55, 72, 73, 74, 86, 89, 91, 92, 109, 110, 116, 117]","[4, 35, 64, 68, 79, 126, 131, 140, 150, 155, 228, 236, 245, 316, 327, 341, 393, 403, 417, 420]",14988,84.874601436,7.098228454589844
10_86_17500_F,"[10, 21, 32, 33, 34, 35, 36, 51, 52, 54, 55, 56, 57, 58, 73, 74, 86, 90, 91, 92, 109, 110, 112, 116]","[4, 35, 50, 53, 64, 68, 74, 125, 134, 150, 157, 164, 169, 178, 239, 245, 324, 327, 341, 393, 405, 411, 416]",17422,117.20145528999998,7.077190399169922
10_86_20000_F,"[10, 21, 32, 33, 34, 35, 36, 51, 52, 54, 55, 56, 57, 58, 72, 73, 74, 77, 78, 86, 89, 91, 92, 109, 110, 112, 116]","[4, 35, 50, 53, 64, 68, 74, 125, 134, 150, 157, 164, 169, 180, 228, 236, 245, 261, 270, 316, 327, 341, 393, 405, 411, 416]",19962,153.21322542899998,9.537527084350586
10_121_spath,"[10, 116, 117, 120, 121]","[4, 417, 425, 442]",3662,0.13629471099999999,0
10_121_5000_F,"[35, 37, 10, 116, 21, 56, 121, 125]","[4, 35, 70, 85, 166, 416, 474]",4935,2.6805176079999997,6.909063339233398
10_121_7500_F,"[34, 35, 36, 10, 116, 21, 52, 55, 56, 121, 125]","[4, 35, 64, 68, 78, 134, 157, 166, 416, 474]",7378,17.305545659,5.799768447875977
10_121_10000_F,"[33, 34, 35, 36, 121, 10, 51, 116, 21, 52, 54, 55, 57, 56, 125]","[4, 35, 56, 64, 68, 74, 125, 133, 148, 157, 166, 170, 416, 474]",9905,35.475482885,8.648115158081055
10_121_12500_F,"[121, 34, 35, 36, 56, 73, 10, 74, 51, 116, 21, 52, 55, 53, 54, 58, 125, 57]","[4, 35, 64, 68, 79, 126, 131, 142, 148, 155, 166, 172, 177, 237, 242, 416, 474]",12217,59.565775089,22.147071838378906
10_121_15000_F,"[10, 21, 34, 35, 36, 51, 52, 53, 54, 55, 56, 57, 58, 73, 74, 77, 78, 79, 116, 117, 121, 125]","[4, 35, 64, 68, 79, 126, 131, 142, 145, 158, 166, 169, 177, 237, 248, 265, 269, 277, 417, 420, 474]",14986,88.01587836899999,50.231197357177734
10_121_17500_F,"[10, 21, 32, 33, 34, 35, 36, 37, 51, 52, 53, 54, 55, 56, 57, 58, 73, 74, 77, 78, 79, 80, 116, 117, 121, 125]","[4, 35, 50, 53, 64, 70, 74, 81, 126, 134, 142, 145, 158, 166, 174, 177, 237, 242, 266, 269, 279, 283, 417, 420, 474]",17441,110.68778457299999,360.37341117858887
17_96_spath,"[17, 33, 52, 54, 74, 76, 94, 96]","[10, 57, 133, 150, 246, 258, 357]",4977,0.42287636700000003,0
17_96_5000_F,"[96, 33, 74, 76, 17, 52, 54, 94]","[10, 57, 133, 150, 246, 258, 357]",4977,2.1705810910000003,0.34708595275878906
17_96_7500_F,"[96, 34, 36, 77, 79, 17, 52, 54, 55, 57, 94]","[11, 64, 79, 133, 148, 155, 174, 266, 280, 357]",7312,18.516912731999998,3.7495670318603516
17_96_10000_F,"[96, 33, 34, 36, 77, 78, 79, 17, 51, 52, 55, 57, 58, 94]","[11, 56, 64, 74, 125, 134, 158, 172, 180, 266, 270, 280, 357]",9982,38.304456769,6.438600540161133
17_96_12500_F,"[32, 33, 34, 96, 36, 73, 74, 76, 77, 78, 79, 17, 51, 52, 55, 57, 58, 94]","[11, 50, 53, 64, 74, 125, 134, 158, 172, 180, 238, 245, 258, 266, 270, 275, 357]",12498,58.502842331,33.75637626647949
17_96_15000_F,"[96, 34, 35, 36, 37, 131, 73, 74, 77, 78, 79, 17, 51, 52, 53, 54, 55, 57, 58, 94]","[11, 63, 70, 79, 83, 126, 131, 142, 148, 155, 172, 183, 237, 242, 266, 270, 280, 357, 498]",14513,75.743989439,360.41644287109375
17_135_spath,"[17, 34, 37, 125, 135]","[11, 65, 88, 478]",5022,0.213889993,0
17_135_7500_F,"[34, 131, 36, 135, 17, 52, 54, 55, 57, 58]","[11, 64, 79, 133, 148, 155, 172, 183, 501]",7319,16.222519458,5.887409210205078
17_135_10000_F,"[32, 33, 34, 131, 36, 135, 78, 17, 51, 52, 54, 55, 56, 58]","[11, 50, 53, 64, 74, 125, 133, 147, 157, 164, 180, 274, 501]",9989,34.172572517999996,8.920013427734375
17_135_12500_F,"[33, 34, 131, 36, 135, 73, 74, 78, 17, 51, 52, 53, 54, 55, 56, 57, 58]","[11, 57, 64, 74, 126, 131, 142, 148, 157, 164, 170, 180, 237, 242, 274, 501]",12465,56.48220550099999,31.166858673095703
17_135_15000_F,"[33, 34, 131, 36, 135, 73, 74, 77, 78, 79, 80, 17, 51, 52, 53, 54, 55, 56, 57, 58]","[11, 58, 64, 74, 126, 131, 142, 145, 157, 164, 169, 178, 237, 247, 266, 274, 279, 283, 501]",14916,75.80954716500001,360.31669425964355
17_104_spath,"[17, 33, 52, 54, 73, 72, 89, 88, 105, 104]","[10, 57, 133, 149, 236, 228, 313, 306, 378]",8096,0.8752918920000001,0
17_104_10000_F,"[34, 36, 72, 73, 74, 106, 105, 104, 17, 52, 54, 55, 89, 91]","[11, 64, 79, 133, 150, 155, 228, 236, 245, 315, 332, 378, 384]",9948,26.126387195999996,2.8902111053466797
17_104_12500_F,"[34, 36, 72, 73, 74, 106, 105, 109, 110, 104, 17, 52, 54, 55, 89, 91, 92]","[11, 64, 79, 133, 150, 155, 228, 236, 245, 315, 331, 341, 378, 384, 395, 403]",12316,50.865148254,6.835554122924805
17_104_15000_F,"[89, 34, 36, 72, 73, 74, 106, 105, 109, 110, 104, 17, 51, 52, 53, 54, 55, 57, 91, 92]","[11, 64, 79, 126, 131, 142, 145, 158, 173, 228, 236, 242, 315, 331, 341, 378, 384, 395, 403]",14975,74.73838407199999,11.16679573059082
17_104_17500_F,"[17, 32, 33, 34, 36, 51, 52, 55, 56, 58, 72, 73, 74, 77, 78, 89, 91, 92, 104, 105, 106, 109, 110]","[11, 50, 53, 64, 74, 125, 134, 157, 164, 180, 228, 236, 245, 263, 270, 315, 331, 341, 378, 384, 395, 403]",17420,106.93860100499998,4.939838409423828
17_104_20000_F,"[17, 32, 33, 34, 36, 51, 52, 54, 55, 56, 57, 58, 72, 73, 74, 77, 78, 89, 91, 92, 104, 105, 106, 108, 109, 110, 112]","[11, 50, 53, 64, 74, 125, 134, 150, 157, 164, 169, 180, 228, 236, 245, 261, 270, 315, 331, 341, 378, 384, 389, 396, 405, 411]",19985,139.423605795,5.672721862792969
17_86_spath,"[17, 32, 51, 50, 69, 68, 86]","[9, 50, 124, 117, 201, 195]",5716,0.502958589,0
17_86_7500_F,"[34, 36, 72, 73, 74, 17, 52, 54, 55, 86, 89]","[11, 64, 79, 133, 150, 155, 228, 236, 245, 312]",7226,18.068869088,1.8412094116210938
17_86_10000_F,"[34, 36, 73, 74, 110, 17, 52, 54, 55, 86, 89, 90, 91, 92]","[11, 64, 79, 133, 150, 155, 239, 245, 312, 324, 329, 341, 400]",9999,36.824593392,8.295852661132812
17_86_12500_F,"[34, 36, 73, 74, 109, 110, 112, 17, 51, 52, 54, 55, 86, 89, 90, 91, 92]","[11, 64, 79, 127, 131, 150, 155, 239, 245, 312, 324, 329, 341, 393, 405, 411]",12446,62.306957585999996,10.812616348266602
17_86_15000_F,"[17, 32, 33, 34, 36, 51, 52, 54, 55, 56, 57, 58, 73, 74, 86, 89, 90, 91, 92, 109, 110]","[11, 50, 53, 64, 74, 125, 134, 150, 157, 164, 169, 178, 239, 245, 312, 324, 329, 341, 393, 403]",14956,91.156571211,18.317007064819336
17_86_17500_F,"[17, 32, 33, 34, 36, 51, 52, 54, 55, 56, 57, 58, 72, 73, 74, 77, 78, 79, 86, 89, 91, 92, 109, 110]","[11, 50, 53, 64, 74, 125, 133, 148, 157, 164, 170, 180, 228, 236, 245, 266, 270, 275, 316, 327, 341, 393, 403]",17491,122.054494418,14.163738250732422
17_86_20000_F,"[17, 21, 32, 33, 34, 35, 36, 51, 52, 54, 55, 56, 57, 58, 72, 73, 74, 77, 78, 79, 80, 86, 89, 91, 92, 109, 110, 112]","[11, 35, 50, 53, 61, 63, 69, 74, 125, 134, 150, 157, 164, 169, 180, 228, 236, 245, 261, 272, 277, 284, 316, 327, 341, 393, 405, 411]",21762,150.35194083399998,11.38963508605957
17_121_spath,"[17, 34, 35, 121]","[11, 63, 73]",3418,0.29629792499999996,0
17_121_5000_F,"[33, 34, 36, 17, 55, 56, 121, 125]","[11, 58, 64, 74, 157, 166, 474]",4935,7.1699412559999995,3.900735855102539
17_121_7500_F,"[33, 34, 121, 36, 17, 51, 52, 55, 57, 58, 125]","[11, 56, 64, 74, 125, 134, 158, 172, 181, 474]",7486,20.916839448,6.006105422973633
17_121_10000_F,"[121, 34, 36, 73, 74, 17, 51, 52, 53, 54, 55, 56, 57, 58, 125]","[11, 64, 79, 126, 131, 142, 148, 155, 166, 172, 177, 237, 242, 474]",9928,41.82484618200001,6.429590225219727
17_121_12500_F,"[121, 34, 36, 73, 74, 77, 78, 79, 17, 51, 52, 53, 54, 55, 56, 57, 58, 125]","[11, 64, 79, 126, 131, 142, 145, 158, 166, 169, 177, 237, 248, 265, 269, 277, 474]",12373,63.757348023000006,77.86478424072266
17_121_15000_F,"[131, 17, 34, 35, 36, 37, 51, 52, 53, 54, 55, 57, 58, 73, 74, 77, 78, 79, 121, 125, 127]","[11, 63, 70, 79, 83, 126, 131, 142, 150, 155, 172, 180, 234, 248, 261, 274, 277, 474, 489, 500]",14975,76.76083796799999,360.36921310424805
86_96_spath,"[86, 89, 90, 93, 96]","[300, 314, 325, 351]",3704,0.031381756000000004,0
86_96_5000_F,"[96, 110, 86, 91, 92, 93]","[301, 334, 338, 351, 401]",4721,2.39149137,3.3203697204589844
86_96_7500_F,"[96, 109, 110, 112, 86, 89, 91, 92, 93, 94]","[300, 315, 333, 338, 349, 357, 399, 401, 412]",7178,10.133744113,33.04473304748535
86_96_10000_F,"[89, 96, 72, 73, 74, 77, 79, 52, 54, 55, 86, 57, 58, 94]","[134, 145, 158, 172, 179, 225, 237, 242, 266, 280, 300, 311, 357]",9878,26.691006243,215.35626220703125
86_96_12500_F,"[89, 96, 72, 73, 74, 77, 110, 79, 109, 52, 54, 55, 86, 57, 91, 92, 94]","[134, 145, 158, 174, 225, 237, 242, 266, 280, 301, 311, 333, 335, 357, 397, 401]",12457,50.610567759999995,154.0312099456787
86_96_15000_F,"[32, 33, 36, 51, 52, 54, 55, 57, 73, 74, 77, 79, 86, 89, 90, 91, 92, 94, 96, 109, 110]","[48, 55, 79, 121, 131, 145, 158, 174, 237, 242, 266, 280, 300, 315, 319, 333, 336, 357, 397, 401]",14929,77.071592529,360.4447135925293
86_135_spath,"[86, 89, 72, 76, 79, 80, 135]","[300, 311, 227, 255, 279, 287]",7289,0.313356916,0
86_135_7500_F,"[89, 131, 135, 72, 73, 74, 86, 57, 58]","[172, 183, 225, 237, 243, 300, 311, 501]",7415,6.660110844999999,0.4278907775878906
86_135_10000_F,"[89, 131, 135, 72, 73, 74, 78, 52, 54, 55, 86, 57, 58]","[134, 145, 158, 172, 180, 225, 237, 242, 274, 300, 311, 501]",9729,24.360593115,13.069963455200195
86_135_12500_F,"[34, 35, 36, 37, 131, 135, 72, 73, 74, 78, 52, 54, 55, 56, 89, 58, 86]","[63, 70, 75, 85, 134, 145, 153, 164, 180, 225, 237, 242, 274, 300, 311, 501]",12474,47.184439020999996,10.756847381591797
86_135_15000_F,"[89, 131, 90, 135, 73, 74, 109, 78, 110, 112, 51, 52, 54, 55, 86, 57, 58, 91, 92]","[125, 134, 144, 158, 172, 180, 237, 242, 274, 300, 315, 319, 333, 336, 399, 401, 412, 501]",14949,73.754660445,15.251607894897461
86_135_17500_F,"[131, 135, 33, 34, 35, 36, 37, 51, 52, 54, 55, 56, 58, 73, 74, 78, 86, 89, 90, 91, 92, 109, 110]","[55, 63, 70, 75, 84, 122, 131, 145, 157, 164, 180, 237, 242, 274, 300, 315, 319, 333, 336, 397, 401, 501]",17493,108.67556682400001,25.543773651123047
86_135_20000_F,"[131, 135, 32, 33, 34, 35, 36, 37, 51, 52, 54, 55, 56, 57, 58, 73, 74, 77, 78, 86, 90, 91, 92, 109, 110, 112]","[48, 55, 63, 70, 75, 84, 121, 131, 145, 157, 164, 174, 178, 237, 242, 265, 274, 301, 319, 333, 336, 399, 401, 412, 501]",19999,140.55911176499998,6.627952575683594
86_104_spath,"[86, 88, 105, 104]","[299, 306, 378]",2670,0.0,0
86_104_5000_F,"[104, 105, 106, 109, 86, 89, 91]","[300, 315, 333, 378, 384, 395]",4797,2.4306178139999997,5.898807525634766
86_104_7500_F,"[104, 105, 106, 109, 110, 112, 86, 89, 91, 92]","[300, 315, 331, 341, 378, 384, 395, 405, 411]",7321,10.405442498000001,12.165729522705078
86_104_10000_F,"[104, 105, 106, 108, 109, 110, 111, 112, 86, 88, 89, 91, 92]","[299, 300, 303, 315, 331, 341, 378, 384, 389, 398, 405, 407, 411]",9626,14.360739155,360.3752975463867
86_10_spath,"[86, 68, 69, 50, 51, 33, 34, 20, 19, 10]","[296, 192, 199, 115, 122, 54, 60, 25, 17]",7817,0.733055967,0
86_10_10000_F,"[34, 35, 36, 70, 71, 73, 10, 74, 116, 21, 52, 55, 54, 89, 86]","[36, 63, 67, 75, 134, 145, 153, 211, 217, 237, 242, 300, 310, 414]",9990,32.032226343,3.630403518676758
86_10_12500_F,"[34, 35, 36, 73, 10, 74, 109, 110, 116, 21, 52, 55, 54, 86, 90, 91, 92]","[36, 63, 67, 75, 134, 145, 153, 237, 242, 301, 319, 333, 336, 397, 401, 414]",12445,59.065167877,3.4599647521972656
86_10_15000_F,"[10, 21, 34, 35, 36, 51, 52, 53, 54, 55, 72, 73, 74, 86, 89, 91, 92, 109, 110, 116, 117]","[37, 63, 67, 75, 125, 134, 138, 146, 153, 225, 237, 242, 301, 311, 333, 335, 397, 401, 414, 422]",14988,84.874601436,9.21934700012207
86_10_17500_F,"[10, 21, 32, 33, 34, 35, 36, 51, 52, 54, 55, 56, 57, 58, 73, 74, 86, 90, 91, 92, 109, 110, 112, 116]","[36, 48, 55, 63, 67, 75, 121, 131, 148, 155, 162, 172, 177, 237, 242, 301, 319, 333, 336, 399, 401, 412, 414]",17422,117.20145528999998,8.936420440673828
86_10_20000_F,"[10, 21, 32, 33, 34, 35, 36, 51, 52, 54, 55, 56, 57, 58, 72, 73, 74, 77, 78, 86, 89, 91, 92, 109, 110, 112, 116]","[36, 48, 55, 63, 67, 75, 121, 131, 148, 155, 162, 174, 177, 225, 237, 242, 265, 269, 301, 311, 333, 335, 399, 401, 412, 414]",19962,153.21322542899998,6.320720672607422
86_17_spath,"[86, 68, 69, 50, 51, 32, 17]","[296, 192, 199, 115, 121, 45]",5716,0.230922126,0
86_17_7500_F,"[34, 36, 72, 73, 74, 17, 52, 54, 55, 86, 89]","[59, 75, 134, 145, 153, 225, 237, 242, 300, 311]",7226,18.068869088,2.263429641723633
86_17_10000_F,"[34, 36, 73, 74, 110, 17, 52, 54, 55, 86, 89, 90, 91, 92]","[59, 75, 134, 145, 153, 237, 242, 300, 315, 319, 334, 336, 401]",9999,36.824593392,12.525957107543945
86_17_12500_F,"[34, 36, 73, 74, 109, 110, 112, 17, 51, 52, 54, 55, 86, 89, 90, 91, 92]","[59, 75, 125, 134, 144, 153, 237, 242, 300, 315, 319, 333, 336, 399, 401, 412]",12446,62.306957585999996,6.12841796875
86_17_15000_F,"[17, 32, 33, 34, 36, 51, 52, 54, 55, 56, 57, 58, 73, 74, 86, 89, 90, 91, 92, 109, 110]","[48, 55, 59, 75, 121, 131, 148, 155, 162, 172, 177, 237, 242, 300, 315, 319, 333, 336, 397, 401]",14956,91.156571211,21.90997886657715
86_17_17500_F,"[17, 32, 33, 34, 36, 51, 52, 54, 55, 56, 57, 58, 72, 73, 74, 77, 78, 79, 86, 89, 91, 92, 109, 110]","[48, 55, 59, 75, 121, 131, 145, 158, 162, 169, 177, 225, 237, 248, 265, 269, 277, 301, 311, 333, 335, 397, 401]",17491,122.054494418,12.531911849975586
86_17_20000_F,"[17, 32, 33, 34, 35, 36, 51, 52, 54, 55, 56, 57, 58, 72, 73, 74, 77, 78, 79, 80, 86, 89, 91, 92, 109, 110, 112]","[48, 55, 59, 68, 76, 121, 131, 148, 155, 162, 174, 177, 225, 237, 242, 266, 269, 279, 283, 301, 311, 333, 335, 399, 401, 412]",19987,150.35194083399998,12.71542739868164
86_121_spath,"[86, 89, 72, 73, 54, 55, 56, 121]","[300, 311, 225, 234, 147, 157, 165]",6325,1.094023905,0
86_121_7500_F,"[89, 70, 71, 73, 74, 52, 54, 55, 56, 121, 86, 125]","[134, 145, 157, 166, 211, 217, 237, 242, 300, 310, 474]",7393,13.948573154,3.3443031311035156
86_121_10000_F,"[73, 74, 109, 110, 52, 54, 55, 56, 121, 90, 91, 92, 125, 86]","[134, 145, 157, 166, 237, 242, 301, 319, 333, 336, 397, 401, 474]",9848,33.0780151,9.009458541870117
86_121_12500_F,"[32, 33, 36, 73, 74, 109, 110, 51, 52, 54, 55, 56, 121, 90, 91, 92, 125, 86]","[48, 55, 79, 121, 131, 145, 157, 166, 237, 242, 301, 319, 333, 336, 397, 401, 474]",12410,55.040970595000005,14.312644958496094
86_121_15000_F,"[33, 34, 35, 36, 37, 51, 52, 54, 55, 56, 73, 74, 86, 90, 91, 92, 109, 110, 112, 121, 125]","[55, 63, 70, 75, 84, 122, 131, 145, 157, 166, 237, 242, 301, 319, 333, 336, 399, 401, 412, 474]",14988,83.737134921,33.42273712158203
86_121_17500_F,"[32, 33, 34, 35, 36, 37, 51, 52, 54, 55, 56, 57, 58, 73, 74, 86, 89, 90, 91, 92, 109, 110, 112, 121, 125]","[48, 55, 63, 70, 75, 84, 121, 131, 145, 158, 166, 172, 177, 237, 242, 300, 315, 319, 333, 336, 399, 401, 412, 474]",17430,116.710796639,9.569478988647461
86_121_20000_F,"[32, 33, 34, 35, 36, 37, 51, 52, 54, 55, 56, 57, 58, 72, 73, 74, 77, 78, 79, 80, 86, 89, 91, 92, 109, 110, 121, 125]","[48, 55, 63, 70, 75, 84, 121, 131, 145, 158, 166, 174, 177, 225, 237, 242, 266, 269, 279, 283, 301, 311, 333, 335, 397, 401, 474]",19942,150.441243916,17.73101043701172
121_96_spath,"[121, 125, 58, 77, 79, 94, 96]","[452, 473, 179, 266, 280, 357]",4775,0.7693232820000001,0
121_96_5000_F,"[96, 77, 79, 121, 58, 125, 94]","[179, 266, 280, 357, 452, 473]",4775,2.320983199,0.3997039794921875
121_96_7500_F,"[96, 121, 74, 76, 52, 54, 55, 56, 57, 58, 125, 94]","[133, 150, 155, 164, 170, 178, 246, 258, 357, 452, 472]",7291,14.224193861000002,20.581199645996094
121_96_10000_F,"[96, 33, 34, 36, 73, 74, 76, 51, 52, 54, 55, 56, 121, 125, 94]","[56, 62, 75, 125, 133, 150, 153, 162, 238, 245, 258, 357, 452, 472]",9906,31.978371213,25.513547897338867
121_96_12500_F,"[32, 33, 34, 35, 36, 37, 121, 96, 77, 78, 79, 51, 52, 55, 57, 58, 125, 94]","[50, 53, 64, 68, 74, 82, 125, 134, 158, 172, 180, 266, 270, 280, 357, 452, 471]",12476,54.292812083,58.05657768249512
121_96_15000_F,"[34, 35, 36, 37, 51, 52, 53, 54, 55, 56, 57, 58, 73, 74, 77, 78, 79, 94, 96, 121, 125]","[64, 68, 79, 82, 126, 131, 142, 148, 155, 161, 172, 180, 237, 242, 266, 270, 280, 357, 452, 472]",14602,80.913756067,186.60502243041992
121_96_17500_F,"[21, 34, 35, 36, 37, 51, 52, 53, 54, 55, 56, 57, 58, 73, 74, 76, 78, 79, 94, 96, 117, 120, 121]","[35, 64, 68, 77, 85, 126, 131, 140, 150, 155, 164, 170, 180, 238, 245, 255, 268, 280, 357, 420, 439, 450]",17490,87.425252452,360.2744255065918
121_104_spath,"[121, 56, 55, 54, 73, 72, 89, 88, 105, 104]","[448, 162, 156, 149, 236, 228, 313, 306, 378]",8469,1.620452349,0
121_104_10000_F,"[121, 72, 73, 106, 105, 104, 109, 52, 54, 55, 56, 89, 91, 125]","[133, 149, 155, 162, 228, 236, 315, 333, 378, 384, 395, 452, 472]",9868,21.781689533999998,2.733043670654297
121_104_12500_F,"[89, 70, 71, 104, 73, 74, 106, 105, 109, 110, 52, 54, 55, 56, 121, 91, 92, 125]","[133, 150, 155, 162, 209, 220, 235, 245, 315, 331, 341, 378, 384, 395, 403, 452, 472]",12483,43.410329063,11.791240692138672
121_104_15000_F,"[34, 35, 36, 37, 52, 54, 55, 56, 72, 73, 74, 89, 91, 92, 104, 105, 106, 109, 110, 121, 125]","[64, 68, 79, 82, 133, 150, 155, 161, 228, 236, 245, 315, 331, 341, 378, 384, 395, 403, 452, 472]",14882,70.97765176399999,12.633661270141602
121_104_17500_F,"[32, 33, 34, 36, 51, 52, 54, 55, 56, 57, 58, 72, 73, 74, 89, 91, 92, 104, 105, 106, 109, 110, 121, 125]","[50, 53, 62, 75, 125, 133, 150, 153, 164, 170, 178, 228, 236, 245, 315, 331, 341, 378, 384, 395, 403, 452, 472]",17265,99.78564839399999,12.872648239135742
121_104_20000_F,"[32, 33, 34, 36, 51, 52, 54, 55, 56, 57, 58, 72, 73, 74, 77, 78, 89, 91, 92, 104, 105, 106, 109, 110, 112, 121, 125]","[50, 53, 62, 75, 125, 133, 150, 153, 164, 170, 180, 228, 236, 245, 261, 270, 315, 331, 341, 378, 384, 395, 405, 411, 452, 472]",19892,134.285646542,9.351297378540039
121_10_spath,"[121, 120, 117, 116, 10]","[450, 439, 422, 414]",3662,0.056314418,0
121_10_5000_F,"[35, 37, 10, 116, 21, 56, 121, 125]","[36, 67, 82, 161, 414, 452, 472]",4935,2.6805176079999997,5.303693771362305
121_10_7500_F,"[34, 35, 36, 10, 116, 21, 52, 55, 56, 121, 125]","[36, 63, 67, 75, 130, 155, 162, 414, 452, 472]",7378,17.305545659,5.79765510559082
121_10_10000_F,"[33, 34, 35, 36, 121, 10, 51, 116, 21, 52, 54, 55, 57, 56, 125]","[36, 55, 63, 67, 75, 122, 131, 145, 158, 162, 169, 414, 452, 472]",9905,35.475482885,9.512718200683594
121_10_12500_F,"[121, 34, 35, 36, 56, 73, 10, 74, 51, 116, 21, 52, 55, 53, 54, 58, 125, 57]","[36, 63, 67, 75, 125, 134, 138, 150, 153, 164, 169, 178, 233, 245, 414, 452, 472]",12217,59.565775089,30.650320053100586
121_10_15000_F,"[10, 21, 34, 35, 36, 51, 52, 53, 54, 55, 56, 57, 58, 73, 74, 77, 78, 79, 116, 117, 121, 125]","[37, 63, 67, 75, 125, 133, 138, 148, 153, 164, 170, 180, 233, 245, 266, 270, 275, 414, 422, 452, 472]",14986,88.01587836899999,123.96832847595215
121_10_17500_F,"[10, 21, 32, 33, 34, 35, 36, 37, 51, 52, 53, 54, 55, 56, 57, 58, 73, 74, 77, 78, 79, 80, 116, 117, 121, 125]","[37, 48, 55, 65, 67, 75, 82, 121, 133, 138, 150, 155, 164, 170, 180, 233, 245, 261, 272, 277, 284, 414, 422, 452, 472]",17441,110.68778457299999,360.12312507629395
121_17_spath,"[121, 35, 34, 17]","[446, 68, 59]",3418,0.8755224009999999,0
121_17_5000_F,"[33, 34, 36, 17, 55, 56, 121, 125]","[55, 59, 75, 152, 162, 452, 472]",4935,7.1699412559999995,2.441181182861328
121_17_7500_F,"[33, 34, 121, 36, 17, 51, 52, 55, 57, 58, 125]","[55, 59, 75, 122, 131, 155, 170, 178, 452, 473]",7486,20.916839448,9.166414260864258
121_17_10000_F,"[121, 34, 36, 73, 74, 17, 51, 52, 53, 54, 55, 56, 57, 58, 125]","[59, 75, 125, 134, 138, 150, 153, 164, 169, 178, 233, 245, 452, 472]",9928,41.82484618200001,8.589517593383789
121_17_12500_F,"[121, 34, 36, 73, 74, 77, 78, 79, 17, 51, 52, 53, 54, 55, 56, 57, 58, 125]","[59, 75, 125, 133, 138, 148, 153, 164, 170, 180, 233, 245, 266, 270, 275, 452, 472]",12373,63.757348023000006,157.16889190673828
121_17_15000_F,"[17, 34, 35, 36, 37, 51, 52, 53, 54, 55, 56, 57, 58, 73, 74, 77, 78, 79, 80, 121, 125]","[59, 68, 77, 82, 125, 134, 138, 150, 153, 164, 169, 180, 233, 245, 261, 272, 277, 284, 452, 472]",14705,83.237794764,360.2710990905762
121_86_spath,"[121, 56, 55, 54, 73, 72, 89, 86]","[448, 162, 156, 149, 236, 228, 312]",6325,1.645461786,0
121_86_7500_F,"[89, 70, 71, 73, 74, 52, 54, 55, 56, 121, 86, 125]","[133, 150, 155, 162, 209, 220, 235, 245, 312, 452, 472]",7393,13.948573154,2.2855148315429688
121_86_10000_F,"[73, 74, 109, 110, 52, 54, 55, 56, 121, 90, 91, 92, 125, 86]","[133, 150, 155, 162, 239, 245, 324, 327, 341, 393, 403, 452, 472]",9848,33.0780151,8.339248657226562
121_86_12500_F,"[32, 33, 36, 73, 74, 109, 110, 51, 52, 54, 55, 56, 121, 90, 91, 92, 125, 86]","[50, 53, 74, 125, 133, 150, 153, 162, 239, 245, 324, 327, 341, 393, 403, 452, 472]",12410,55.040970595000005,47.310190200805664
121_86_15000_F,"[33, 34, 35, 36, 37, 51, 52, 54, 55, 56, 73, 74, 86, 90, 91, 92, 109, 110, 112, 121, 125]","[56, 64, 68, 74, 82, 125, 133, 150, 154, 162, 239, 245, 324, 327, 341, 393, 405, 411, 452, 472]",14988,83.737134921,12.125682830810547
121_86_17500_F,"[32, 33, 34, 35, 36, 37, 51, 52, 54, 55, 56, 57, 58, 73, 74, 86, 89, 90, 91, 92, 109, 110, 112, 121, 125]","[50, 53, 64, 68, 74, 82, 125, 133, 150, 154, 164, 170, 178, 239, 245, 312, 324, 329, 341, 393, 405, 411, 452, 472]",17430,116.710796639,21.673381805419922
121_86_20000_F,"[32, 33, 34, 35, 36, 37, 51, 52, 54, 55, 56, 57, 58, 72, 73, 74, 77, 78, 79, 80, 86, 89, 91, 92, 109, 110, 121, 125]","[50, 53, 64, 68, 74, 82, 125, 133, 150, 154, 164, 170, 180, 228, 236, 245, 261, 272, 277, 284, 316, 327, 341, 393, 403, 452, 472]",19942,150.441243916,18.7606201171875
