totalLength,routeID,hubs,nodes,routeLength,objVal,calcTime,feeder_hub,feeder_hub_count,select_feeder_hub,total_feeder_distance,depot_capacities,max_capacities,avg_capacities
9928,<built-in function id>,"[('121', '17')]","['121', '34', '36', '73', '74', '17', '51', '52', '53', '54', '55', '56', '57', '58', '125']",9928,44.260956641000014,1.7030410766601562,"[121, 34, 73, 74, 17, 51, 52, 53, 54, 55, 56, 57, 58, 125]",14,"[(119, 121), (124, 121), (32, 34), (77, 34), (93, 34), (21, 73), (47, 73), (88, 73), (104, 73), (10, 74), (33, 74), (48, 74), (94, 74), (95, 74), (110, 74), (111, 74), (112, 74), (35, 17), (69, 17), (97, 17), (92, 51), (109, 51), (68, 52), (120, 52), (122, 52), (127, 52), (131, 52), (90, 53), (105, 53), (70, 54), (72, 54), (86, 54), (106, 54), (108, 54), (117, 54), (135, 54), (20, 55), (71, 55), (76, 55), (78, 55), (79, 55), (96, 55), (129, 55), (29, 56), (50, 56), (66, 56), (89, 56), (91, 56), (116, 56), (85, 57), (123, 57), (18, 58), (19, 58), (46, 58), (49, 58), (126, 58), (37, 125), (80, 125), (118, 125)]",189287,"{121: 21.930360568000005, 34: 37.45596846600001, 73: 21.801489137000004, 74: 87.48542071199999, 17: 24.244962411999996, 51: 48.28086098599999, 52: 36.295969416000005, 53: 2.62174499, 54: 45.923261006, 55: 44.519982856, 56: 52.53775839, 57: 12.578450416999999, 58: 16.322526144, 125: 35.728894043}",87.48542071199999,34.837689253071424
9928,<built-in function id>,"[('121', '17')]","['121', '34', '36', '73', '74', '17', '51', '52', '53', '54', '55', '56', '57', '58', '125']",9928,44.260956641000014,2.2223377227783203,"[121, 34, 73, 74, 17, 51, 52, 53, 54, 55, 56, 57, 58, 125]",14,"[(119, 121), (124, 121), (32, 34), (77, 34), (93, 34), (21, 73), (47, 73), (88, 73), (104, 73), (10, 74), (33, 74), (48, 74), (94, 74), (95, 74), (110, 74), (111, 74), (112, 74), (35, 17), (69, 17), (97, 17), (92, 51), (109, 51), (68, 52), (120, 52), (122, 52), (127, 52), (131, 52), (90, 53), (105, 53), (70, 54), (72, 54), (86, 54), (106, 54), (108, 54), (117, 54), (135, 54), (20, 55), (71, 55), (76, 55), (78, 55), (79, 55), (96, 55), (129, 55), (29, 56), (50, 56), (66, 56), (89, 56), (91, 56), (116, 56), (85, 57), (123, 57), (18, 58), (19, 58), (46, 58), (49, 58), (126, 58), (37, 125), (80, 125), (118, 125)]",189287,"{121: 21.930360568000005, 34: 37.45596846600001, 73: 21.801489137000004, 74: 87.48542071199999, 17: 24.244962411999996, 51: 48.28086098599999, 52: 36.295969416000005, 53: 2.62174499, 54: 45.923261006, 55: 44.519982856, 56: 52.53775839, 57: 12.578450416999999, 58: 16.322526144, 125: 35.728894043}",87.48542071199999,34.837689253071424
9928,<built-in function id>,"[('121', '17')]","['121', '34', '36', '73', '74', '17', '51', '52', '53', '54', '55', '56', '57', '58', '125']",9928,44.260956641000014,2.5344505310058594,"[121, 34, 73, 74, 17, 51, 52, 53, 54, 55, 56, 57, 58, 125]",14,"[(119, 121), (124, 121), (32, 34), (77, 34), (93, 34), (21, 73), (47, 73), (88, 73), (104, 73), (10, 74), (33, 74), (48, 74), (94, 74), (95, 74), (110, 74), (111, 74), (112, 74), (35, 17), (69, 17), (97, 17), (92, 51), (109, 51), (68, 52), (120, 52), (122, 52), (127, 52), (131, 52), (90, 53), (105, 53), (70, 54), (72, 54), (86, 54), (106, 54), (108, 54), (117, 54), (135, 54), (20, 55), (71, 55), (76, 55), (78, 55), (79, 55), (96, 55), (129, 55), (29, 56), (50, 56), (66, 56), (89, 56), (91, 56), (116, 56), (85, 57), (123, 57), (18, 58), (19, 58), (46, 58), (49, 58), (126, 58), (37, 125), (80, 125), (118, 125)]",189287,"{121: 21.930360568000005, 34: 37.45596846600001, 73: 21.801489137000004, 74: 87.48542071199999, 17: 24.244962411999996, 51: 48.28086098599999, 52: 36.295969416000005, 53: 2.62174499, 54: 45.923261006, 55: 44.519982856, 56: 52.53775839, 57: 12.578450416999999, 58: 16.322526144, 125: 35.728894043}",87.48542071199999,34.837689253071424
12446,<built-in function id>,"[('17', '86')]","['34', '36', '73', '74', '109', '110', '112', '17', '51', '52', '54', '55', '86', '89', '90', '91', '92']",12446,66.93897800000002,2.875692367553711,"[34, 36, 73, 74, 109, 110, 112, 17, 51, 52, 54, 55, 86, 89, 90, 91]",16,"[(53, 34), (96, 34), (18, 36), (20, 36), (21, 36), (35, 36), (80, 36), (135, 36), (29, 73), (49, 73), (56, 73), (70, 73), (106, 73), (120, 73), (131, 73), (78, 74), (97, 74), (108, 74), (117, 74), (125, 74), (126, 74), (79, 109), (69, 110), (104, 110), (105, 110), (71, 112), (32, 17), (50, 17), (57, 17), (93, 17), (118, 17), (121, 17), (124, 17), (46, 51), (47, 51), (66, 51), (88, 51), (119, 51), (19, 52), (76, 52), (122, 52), (10, 54), (58, 54), (72, 54), (123, 54), (127, 54), (129, 54), (33, 55), (116, 55), (85, 86), (94, 86), (37, 89), (48, 89), (68, 89), (77, 90), (95, 90), (111, 91)]",162919,"{34: 16.49547074, 36: 62.043227644999995, 73: 64.763593474, 74: 44.05065694199999, 109: 8.015985297000002, 110: 5.579612205000002, 112: 2.982234923000001, 17: 68.41796866, 51: 18.942341057, 52: 10.447653775000001, 54: 46.060306514, 55: 18.510838233000005, 86: 10.057117963000003, 89: 12.081152316, 90: 39.486689834, 91: 4.356907379999999}",68.41796866,27.018234809875
12446,<built-in function id>,"[('17', '86')]","['34', '36', '73', '74', '109', '110', '112', '17', '51', '52', '54', '55', '86', '89', '90', '91', '92']",12446,66.93897800000002,3.1397743225097656,"[34, 36, 73, 74, 109, 110, 112, 17, 51, 52, 54, 55, 86, 89, 90, 91]",16,"[(53, 34), (96, 34), (18, 36), (20, 36), (21, 36), (35, 36), (80, 36), (135, 36), (29, 73), (49, 73), (56, 73), (70, 73), (106, 73), (120, 73), (131, 73), (78, 74), (97, 74), (108, 74), (117, 74), (125, 74), (126, 74), (79, 109), (69, 110), (104, 110), (105, 110), (71, 112), (32, 17), (50, 17), (57, 17), (93, 17), (118, 17), (121, 17), (124, 17), (46, 51), (47, 51), (66, 51), (88, 51), (119, 51), (19, 52), (76, 52), (122, 52), (10, 54), (58, 54), (72, 54), (123, 54), (127, 54), (129, 54), (33, 55), (116, 55), (85, 86), (94, 86), (37, 89), (48, 89), (68, 89), (77, 90), (95, 90), (111, 91)]",162919,"{34: 16.49547074, 36: 62.043227644999995, 73: 64.763593474, 74: 44.05065694199999, 109: 8.015985297000002, 110: 5.579612205000002, 112: 2.982234923000001, 17: 68.41796866, 51: 18.942341057, 52: 10.447653775000001, 54: 46.060306514, 55: 18.510838233000005, 86: 10.057117963000003, 89: 12.081152316, 90: 39.486689834, 91: 4.356907379999999}",68.41796866,27.018234809875
14956,<built-in function id>,"[('86', '17')]","['17', '32', '33', '34', '36', '51', '52', '54', '55', '56', '57', '58', '73', '74', '86', '89', '90', '91', '92', '109', '110']",14956,96.70108237800005,2.2617340087890625,"[17, 32, 33, 34, 36, 51, 52, 54, 56, 57, 58, 73, 74, 86, 89, 90, 91, 92]",18,"[(124, 17), (125, 17), (126, 17), (21, 32), (70, 32), (123, 32), (10, 33), (35, 33), (85, 33), (122, 33), (19, 34), (68, 34), (129, 34), (37, 36), (79, 36), (80, 36), (18, 51), (20, 51), (49, 51), (96, 51), (116, 51), (76, 52), (127, 52), (78, 54), (93, 54), (111, 54), (117, 54), (66, 56), (72, 56), (120, 56), (112, 57), (118, 58), (119, 58), (121, 58), (46, 73), (88, 73), (95, 73), (104, 73), (135, 73), (47, 74), (69, 74), (77, 74), (29, 86), (48, 86), (53, 86), (94, 86), (50, 89), (105, 89), (131, 89), (71, 90), (108, 91), (97, 92), (106, 92)]",162411,"{17: 20.534281356000005, 32: 32.460091551, 33: 32.101793273, 34: 4.851690519, 36: 31.058245909, 51: 27.613104478000004, 52: 7.386766496, 54: 33.24732393699999, 56: 24.647638537000006, 57: 11.719200090999994, 58: 20.892695245000002, 73: 27.017185025, 74: 30.832428698000005, 86: 23.586050688, 89: 15.116190616999997, 90: 2.982234923000001, 91: 10.211696724999996, 92: 11.330737959}",33.24732393699999,20.42163089038889
14956,<built-in function id>,"[('86', '17')]","['17', '32', '33', '34', '36', '51', '52', '54', '55', '56', '57', '58', '73', '74', '86', '89', '90', '91', '92', '109', '110']",14956,96.70108237800005,2.6900386810302734,"[17, 32, 33, 34, 36, 51, 52, 54, 56, 57, 58, 73, 74, 86, 89, 90, 91, 92]",18,"[(124, 17), (125, 17), (126, 17), (21, 32), (70, 32), (123, 32), (10, 33), (35, 33), (85, 33), (122, 33), (19, 34), (68, 34), (129, 34), (37, 36), (79, 36), (80, 36), (18, 51), (20, 51), (49, 51), (96, 51), (116, 51), (76, 52), (127, 52), (78, 54), (93, 54), (111, 54), (117, 54), (66, 56), (72, 56), (120, 56), (112, 57), (118, 58), (119, 58), (121, 58), (46, 73), (88, 73), (95, 73), (104, 73), (135, 73), (47, 74), (69, 74), (77, 74), (29, 86), (48, 86), (53, 86), (94, 86), (50, 89), (105, 89), (131, 89), (71, 90), (108, 91), (97, 92), (106, 92)]",162411,"{17: 20.534281356000005, 32: 32.460091551, 33: 32.101793273, 34: 4.851690519, 36: 31.058245909, 51: 27.613104478000004, 52: 7.386766496, 54: 33.24732393699999, 56: 24.647638537000006, 57: 11.719200090999994, 58: 20.892695245000002, 73: 27.017185025, 74: 30.832428698000005, 86: 23.586050688, 89: 15.116190616999997, 90: 2.982234923000001, 91: 10.211696724999996, 92: 11.330737959}",33.24732393699999,20.42163089038889
16938,<built-in function id>,"[('10', '121'), ('86', '96')]","['121', '34', '35', '36', '56', '73', '10', '74', '51', '116', '21', '52', '55', '53', '54', '58', '125', '57', '96', '110', '86', '91', '92', '93']",16938,101.92606775500006,2.9341697692871094,"[121, 34, 35, 36, 56, 73, 74, 51, 116, 21, 52, 55, 54, 58, 125, 57, 96, 110, 86, 91, 92, 93]",22,"[(49, 121), (120, 121), (68, 34), (89, 34), (118, 34), (124, 34), (131, 34), (79, 35), (94, 35), (66, 36), (17, 56), (29, 56), (33, 56), (77, 56), (119, 56), (122, 56), (76, 73), (80, 74), (108, 74), (19, 51), (20, 51), (71, 51), (97, 51), (18, 116), (48, 21), (127, 52), (123, 55), (37, 54), (105, 54), (46, 58), (47, 58), (78, 58), (50, 125), (69, 125), (70, 125), (117, 125), (126, 125), (129, 125), (135, 125), (72, 57), (90, 96), (95, 110), (106, 110), (111, 86), (112, 91), (32, 92), (104, 92), (109, 92), (85, 93), (88, 93)]",145861,"{121: 25.980104196000006, 34: 47.707463514, 35: 16.526273720000006, 36: 6.59392216, 56: 52.77504595300001, 73: 2.2743637730000006, 74: 24.300698209999993, 51: 9.405510138999999, 116: 1.23222014, 21: 1.540275179, 52: 5.112402722999999, 55: 11.031620876999998, 54: 10.251022902, 58: 26.530846080999996, 125: 31.231548366, 57: 1.428851016, 96: 1.3239812149999997, 110: 23.447552222, 86: 4.356907379999999, 91: 11.719200090999994, 92: 41.75948161299999, 93: 3.880182575000001}",52.77504595300001,16.382248820227275
17491,<built-in function id>,"[('17', '86')]","['17', '32', '33', '34', '36', '51', '52', '54', '55', '56', '57', '58', '72', '73', '74', '77', '78', '79', '86', '89', '91', '92', '109', '110']",17491,128.3565206180001,2.681333541870117,"[17, 32, 33, 34, 36, 51, 52, 54, 55, 56, 57, 58, 73, 74, 77, 78, 79, 86, 89, 109, 110]",21,"[(49, 17), (122, 17), (120, 32), (125, 32), (131, 32), (97, 33), (53, 34), (10, 36), (21, 36), (35, 36), (80, 36), (116, 36), (121, 36), (123, 36), (76, 51), (69, 52), (88, 52), (90, 54), (112, 54), (19, 55), (20, 55), (70, 55), (18, 56), (118, 56), (124, 56), (48, 57), (66, 57), (117, 58), (127, 58), (85, 73), (37, 74), (108, 74), (46, 77), (47, 77), (95, 77), (50, 78), (119, 78), (126, 78), (129, 78), (135, 78), (71, 79), (96, 86), (104, 89), (105, 89), (111, 89), (29, 109), (106, 109), (68, 110), (93, 110), (94, 110)]",146003,"{17: 15.470459019, 32: 26.364647980000004, 33: 1.4091879279999995, 34: 11.995211906999998, 36: 77.20834636599999, 51: 2.2743637730000006, 52: 5.147024272000001, 54: 13.043181305999994, 55: 10.500668870999998, 56: 29.779874489, 57: 8.134197339, 58: 10.283794704999998, 73: 1.5468295400000003, 74: 19.164955852, 77: 17.471728402999997, 78: 23.829243213999998, 79: 2.982234923000001, 86: 4.500258832999999, 89: 7.122848348, 109: 11.46182521, 110: 11.231811139000003}",77.20834636599999,14.805842543666667
17491,<built-in function id>,"[('17', '86')]","['17', '32', '33', '34', '36', '51', '52', '54', '55', '56', '57', '58', '72', '73', '74', '77', '78', '79', '86', '89', '91', '92', '109', '110']",17491,128.3565206180001,2.9281368255615234,"[17, 32, 33, 34, 36, 51, 52, 54, 55, 56, 57, 58, 73, 74, 77, 78, 79, 86, 89, 109, 110]",21,"[(49, 17), (122, 17), (120, 32), (125, 32), (131, 32), (97, 33), (53, 34), (10, 36), (21, 36), (35, 36), (80, 36), (116, 36), (121, 36), (123, 36), (76, 51), (69, 52), (88, 52), (90, 54), (112, 54), (19, 55), (20, 55), (70, 55), (18, 56), (118, 56), (124, 56), (48, 57), (66, 57), (117, 58), (127, 58), (85, 73), (37, 74), (108, 74), (46, 77), (47, 77), (95, 77), (50, 78), (119, 78), (126, 78), (129, 78), (135, 78), (71, 79), (96, 86), (104, 89), (105, 89), (111, 89), (29, 109), (106, 109), (68, 110), (93, 110), (94, 110)]",146003,"{17: 15.470459019, 32: 26.364647980000004, 33: 1.4091879279999995, 34: 11.995211906999998, 36: 77.20834636599999, 51: 2.2743637730000006, 52: 5.147024272000001, 54: 13.043181305999994, 55: 10.500668870999998, 56: 29.779874489, 57: 8.134197339, 58: 10.283794704999998, 73: 1.5468295400000003, 74: 19.164955852, 77: 17.471728402999997, 78: 23.829243213999998, 79: 2.982234923000001, 86: 4.500258832999999, 89: 7.122848348, 109: 11.46182521, 110: 11.231811139000003}",77.20834636599999,14.805842543666667
19962,<built-in function id>,"[('10', '86')]","['10', '21', '32', '33', '34', '35', '36', '51', '52', '54', '55', '56', '57', '58', '72', '73', '74', '77', '78', '86', '89', '91', '92', '109', '110', '112', '116']",19962,160.7864721900002,1.0687103271484375,"[21, 32, 33, 34, 35, 36, 51, 52, 54, 56, 57, 72, 73, 74, 77, 78, 86, 92, 109]",19,"[(18, 21), (123, 21), (80, 32), (88, 32), (118, 32), (66, 33), (120, 34), (126, 34), (127, 34), (20, 35), (29, 35), (49, 35), (131, 35), (68, 36), (97, 36), (119, 36), (121, 36), (124, 36), (53, 51), (96, 51), (70, 52), (95, 54), (17, 56), (50, 56), (19, 57), (85, 57), (46, 72), (71, 72), (47, 73), (48, 73), (93, 73), (117, 73), (122, 73), (111, 74), (125, 74), (129, 74), (94, 77), (135, 77), (37, 78), (76, 78), (90, 78), (105, 86), (104, 92), (108, 92), (69, 109), (79, 109), (106, 109)]",138164,"{21: 12.263841016999997, 32: 29.108987950999996, 33: 6.59392216, 34: 23.526609041000004, 35: 20.707394622, 36: 27.063888670000004, 51: 16.49547074, 52: 5.4865815829999995, 54: 13.526002190999998, 56: 11.110617967999996, 57: 3.604899358, 72: 4.869891317000001, 73: 16.018861869000002, 74: 8.446829552, 77: 16.312284635000005, 78: 12.551604115000002, 86: 1.2977637750000004, 92: 11.679873917999997, 109: 20.751206565000004}",29.108987950999996,13.758764791947367
19962,<built-in function id>,"[('10', '86')]","['10', '21', '32', '33', '34', '35', '36', '51', '52', '54', '55', '56', '57', '58', '72', '73', '74', '77', '78', '86', '89', '91', '92', '109', '110', '112', '116']",19962,160.7864721900002,2.3126678466796875,"[21, 32, 33, 34, 35, 36, 51, 52, 54, 56, 57, 72, 73, 74, 77, 78, 86, 92, 109]",19,"[(18, 21), (123, 21), (80, 32), (88, 32), (118, 32), (66, 33), (120, 34), (126, 34), (127, 34), (20, 35), (29, 35), (49, 35), (131, 35), (68, 36), (97, 36), (119, 36), (121, 36), (124, 36), (53, 51), (96, 51), (70, 52), (95, 54), (17, 56), (50, 56), (19, 57), (85, 57), (46, 72), (71, 72), (47, 73), (48, 73), (93, 73), (117, 73), (122, 73), (111, 74), (125, 74), (129, 74), (94, 77), (135, 77), (37, 78), (76, 78), (90, 78), (105, 86), (104, 92), (108, 92), (69, 109), (79, 109), (106, 109)]",138164,"{21: 12.263841016999997, 32: 29.108987950999996, 33: 6.59392216, 34: 23.526609041000004, 35: 20.707394622, 36: 27.063888670000004, 51: 16.49547074, 52: 5.4865815829999995, 54: 13.526002190999998, 56: 11.110617967999996, 57: 3.604899358, 72: 4.869891317000001, 73: 16.018861869000002, 74: 8.446829552, 77: 16.312284635000005, 78: 12.551604115000002, 86: 1.2977637750000004, 92: 11.679873917999997, 109: 20.751206565000004}",29.108987950999996,13.758764791947367
21883,<built-in function id>,"[('86', '96'), ('121', '17')]","['96', '109', '110', '112', '86', '89', '91', '92', '93', '94', '17', '34', '35', '36', '37', '51', '52', '53', '54', '55', '56', '57', '58', '73', '74', '77', '78', '79', '80', '121', '125']",21883,170.45063044900036,2.0633411407470703,"[96, 109, 110, 112, 86, 91, 92, 93, 94, 17, 34, 35, 36, 37, 51, 52, 53, 54, 55, 56, 57, 58, 73, 74, 77, 79, 80, 121, 125]",29,"[(47, 96), (88, 109), (104, 109), (111, 110), (108, 112), (32, 86), (49, 86), (85, 91), (29, 92), (95, 93), (71, 94), (20, 17), (21, 17), (76, 17), (126, 34), (129, 35), (33, 36), (66, 37), (72, 51), (106, 52), (10, 53), (69, 53), (118, 53), (122, 53), (19, 54), (90, 55), (131, 55), (119, 56), (127, 56), (117, 57), (120, 57), (124, 58), (105, 73), (46, 74), (48, 74), (68, 74), (97, 74), (135, 77), (50, 79), (70, 80), (18, 121), (123, 121), (116, 125)]",123768,"{96: 2.0580698179999994, 109: 3.8015302280000016, 110: 4.356907379999999, 112: 10.211696724999996, 86: 19.716614952, 91: 1.5468295400000003, 92: 1.540275179, 93: 13.526002190999998, 94: 2.982234923000001, 17: 21.172270334, 34: 1.7893409570000003, 35: 1.206002691, 36: 8.941469033, 37: 6.59392216, 51: 1.428851016, 52: 9.921550031, 53: 26.033165154000002, 54: 2.0580698179999994, 55: 8.179844353, 56: 11.181742372999999, 57: 21.796257343000004, 58: 15.861020918000003, 73: 1.2977637750000004, 74: 6.424737511, 77: 7.8019962120000015, 79: 6.962563703999997, 80: 5.4865815829999995, 121: 12.263841016999997, 125: 9.569369200000004}",26.033165154000002,8.472776555827586
22164,<built-in function id>,"[('86', '96'), ('121', '10')]","['96', '109', '110', '112', '86', '89', '91', '92', '93', '94', '10', '21', '34', '35', '36', '51', '52', '53', '54', '55', '56', '57', '58', '73', '74', '77', '78', '79', '116', '117', '121', '125']",22164,177.34787730600024,2.4737377166748047,"[96, 109, 86, 91, 94, 21, 34, 35, 36, 51, 52, 53, 55, 56, 57, 73, 74, 77, 78, 79, 125]",21,"[(33, 96), (97, 96), (111, 96), (47, 109), (108, 109), (50, 86), (104, 86), (95, 91), (106, 91), (69, 94), (19, 21), (68, 34), (119, 34), (37, 35), (72, 35), (32, 36), (66, 36), (124, 36), (90, 51), (126, 51), (46, 52), (48, 52), (49, 52), (20, 53), (70, 55), (18, 56), (129, 57), (17, 73), (88, 73), (120, 73), (131, 73), (76, 74), (85, 74), (123, 74), (71, 77), (127, 78), (135, 78), (29, 79), (80, 79), (105, 79), (118, 125), (122, 125)]",117750,"{96: 14.707564341, 109: 12.269766542999996, 86: 8.430740896999998, 91: 23.447552222, 94: 2.8136712370000008, 21: 2.0580698179999994, 34: 7.65695766, 35: 10.382110143, 36: 32.816319195, 51: 3.113322172, 52: 12.783170408, 53: 2.956017469999999, 55: 5.4865815829999995, 56: 1.23222014, 57: 1.206002691, 73: 29.962135798000006, 74: 14.85281419, 77: 2.982234923000001, 78: 12.914398935000001, 79: 16.927040438999995, 125: 18.801853615000002}",32.816319195,11.323835448571428
23649,<built-in function id>,"[('86', '17'), ('121', '10')]","['17', '32', '33', '34', '35', '36', '51', '52', '54', '55', '56', '57', '58', '72', '73', '74', '77', '78', '79', '80', '86', '89', '91', '92', '109', '110', '112', '121', '120', '117', '116', '10']",23649,184.88437313300014,2.050037384033203,"[17, 32, 51, 52, 54, 55, 56, 57, 58, 72, 73, 74, 77, 78, 80, 89, 92, 109, 110, 121, 117, 116, 10]",23,"[(46, 17), (97, 17), (19, 32), (49, 32), (106, 51), (118, 52), (124, 52), (127, 52), (20, 54), (66, 54), (70, 55), (125, 55), (93, 56), (69, 57), (119, 58), (135, 58), (47, 72), (85, 72), (18, 73), (37, 73), (68, 73), (95, 74), (126, 74), (50, 77), (53, 77), (21, 78), (96, 78), (71, 80), (122, 80), (108, 89), (111, 89), (94, 92), (104, 92), (105, 92), (131, 92), (88, 109), (76, 110), (29, 121), (90, 121), (129, 117), (48, 116), (123, 10)]",132014,"{17: 3.2968443219999997, 32: 11.413308653, 51: 9.921550031, 52: 33.660057072, 54: 9.549939629999999, 55: 8.370501064, 56: 1.1339047060000003, 57: 2.8136712370000008, 58: 13.871335862000002, 72: 3.604899358, 73: 11.773097277000002, 74: 15.315343147999998, 77: 18.957775610999995, 78: 20.442147924, 80: 9.097455107000002, 89: 14.568604104999995, 92: 18.132092529000005, 109: 2.333353035000001, 110: 2.2743637730000006, 121: 2.864256394, 117: 1.206002691, 116: 1.540275179, 10: 11.031620876999998}",33.660057072,9.877060851521739
24619,<built-in function id>,"[('10', '121'), ('86', '96')]","['10', '21', '32', '33', '34', '35', '36', '37', '51', '52', '53', '54', '55', '56', '57', '58', '73', '74', '77', '78', '79', '80', '116', '117', '121', '125', '96', '109', '110', '112', '86', '89', '91', '92', '93', '94']",24619,208.3431144630003,0.7648258209228516,"[10, 21, 32, 34, 35, 36, 37, 51, 52, 54, 58, 73, 74, 77, 78, 80, 116, 117, 121, 125, 109, 110, 112, 86, 89, 92, 93]",27,"[(118, 10), (120, 21), (71, 32), (76, 32), (70, 34), (135, 34), (19, 35), (66, 36), (49, 37), (68, 51), (88, 52), (90, 52), (111, 54), (46, 58), (126, 58), (108, 73), (122, 74), (127, 74), (119, 77), (129, 78), (47, 80), (131, 80), (20, 116), (17, 117), (18, 117), (123, 121), (29, 125), (72, 125), (124, 125), (50, 109), (69, 109), (106, 110), (105, 112), (48, 86), (85, 89), (95, 92), (104, 92), (97, 93)]",112393,"{10: 12.686633431, 21: 16.624865361000005, 32: 5.256598696000001, 34: 13.288577795000002, 35: 2.0580698179999994, 36: 6.59392216, 37: 9.355238835, 51: 1.5876180100000001, 52: 3.657334250000001, 54: 4.356907379999999, 58: 3.6769973510000007, 73: 10.211696724999996, 74: 11.227622907, 77: 6.06933965, 78: 1.206002691, 80: 8.913932956, 116: 2.956017469999999, 117: 5.380274404, 121: 11.031620876999998, 125: 18.830147113000002, 109: 9.776234940999998, 110: 9.921550031, 112: 1.2977637750000004, 86: 1.540275179, 89: 1.5468295400000003, 92: 14.994179383999999, 93: 1.4091879279999995}",18.830147113000002,7.2390903206666675
24619,<built-in function id>,"[('10', '121'), ('86', '96')]","['10', '21', '32', '33', '34', '35', '36', '37', '51', '52', '53', '54', '55', '56', '57', '58', '73', '74', '77', '78', '79', '80', '116', '117', '121', '125', '96', '109', '110', '112', '86', '89', '91', '92', '93', '94']",24619,208.3431144630003,1.1323871612548828,"[10, 21, 32, 34, 35, 36, 37, 51, 52, 54, 58, 73, 74, 77, 78, 80, 116, 117, 121, 125, 109, 110, 112, 86, 89, 92, 93]",27,"[(118, 10), (120, 21), (71, 32), (76, 32), (70, 34), (135, 34), (19, 35), (66, 36), (49, 37), (68, 51), (88, 52), (90, 52), (111, 54), (46, 58), (126, 58), (108, 73), (122, 74), (127, 74), (119, 77), (129, 78), (47, 80), (131, 80), (20, 116), (17, 117), (18, 117), (123, 121), (29, 125), (72, 125), (124, 125), (50, 109), (69, 109), (106, 110), (105, 112), (48, 86), (85, 89), (95, 92), (104, 92), (97, 93)]",112393,"{10: 12.686633431, 21: 16.624865361000005, 32: 5.256598696000001, 34: 13.288577795000002, 35: 2.0580698179999994, 36: 6.59392216, 37: 9.355238835, 51: 1.5876180100000001, 52: 3.657334250000001, 54: 4.356907379999999, 58: 3.6769973510000007, 73: 10.211696724999996, 74: 11.227622907, 77: 6.06933965, 78: 1.206002691, 80: 8.913932956, 116: 2.956017469999999, 117: 5.380274404, 121: 11.031620876999998, 125: 18.830147113000002, 109: 9.776234940999998, 110: 9.921550031, 112: 1.2977637750000004, 86: 1.540275179, 89: 1.5468295400000003, 92: 14.994179383999999, 93: 1.4091879279999995}",18.830147113000002,7.2390903206666675
26936,<built-in function id>,"[('96', '10'), ('86', '104')]","['10', '21', '33', '34', '35', '36', '37', '51', '52', '53', '54', '55', '56', '57', '58', '73', '74', '77', '78', '79', '80', '94', '96', '116', '104', '105', '106', '108', '109', '110', '111', '112', '86', '88', '89', '91', '92']",26936,215.2212737310005,1.1144943237304688,"[10, 21, 33, 34, 35, 36, 51, 52, 53, 54, 55, 56, 57, 58, 74, 79, 80, 94, 96, 116, 106, 108, 110, 88]",24,"[(17, 10), (124, 10), (19, 21), (20, 21), (18, 33), (49, 33), (72, 34), (90, 34), (119, 34), (47, 35), (120, 35), (118, 36), (97, 51), (123, 51), (93, 52), (68, 53), (122, 53), (125, 53), (71, 54), (126, 54), (121, 55), (69, 56), (46, 57), (29, 58), (135, 58), (32, 74), (50, 79), (117, 80), (95, 94), (131, 94), (66, 96), (127, 116), (129, 116), (85, 106), (70, 108), (48, 110), (76, 88)]",113697,"{10: 20.009075182000004, 21: 5.014087287999999, 33: 10.587458975, 34: 8.822171881, 35: 18.682935179000005, 36: 12.686633431, 51: 12.440808804999998, 52: 1.1339047060000003, 53: 10.586757675000001, 54: 4.771575880000001, 55: 2.1367221640000005, 56: 2.8136712370000008, 57: 1.8876563940000002, 58: 9.342271391, 74: 10.361376116999999, 79: 6.962563703999997, 80: 5.171391981999999, 94: 20.381865329, 96: 6.59392216, 116: 6.318405413999999, 106: 1.5468295400000003, 108: 5.4865815829999995, 110: 1.540275179, 88: 2.2743637730000006}",20.381865329,7.814721040375001
27419,<built-in function id>,"[('104', '86'), ('10', '121')]","['68', '71', '104', '105', '106', '108', '109', '110', '111', '112', '86', '89', '91', '92', '10', '21', '32', '33', '34', '35', '36', '37', '51', '52', '53', '54', '55', '56', '57', '58', '73', '74', '77', '78', '79', '80', '116', '117', '121', '125']",27419,223.4401741290005,0.9645824432373047,"[71, 106, 110, 112, 89, 91, 21, 33, 34, 37, 52, 53, 56, 58, 73, 77, 79, 80, 121]",19,"[(48, 71), (97, 71), (50, 106), (93, 106), (95, 110), (96, 110), (90, 112), (46, 89), (72, 91), (124, 21), (88, 33), (94, 33), (17, 34), (118, 37), (129, 37), (18, 52), (29, 52), (66, 52), (76, 52), (85, 53), (19, 56), (20, 56), (49, 56), (69, 58), (70, 58), (119, 73), (120, 73), (47, 77), (123, 77), (131, 77), (126, 79), (127, 79), (135, 80), (122, 121)]",98177,"{71: 2.9494631069999997, 106: 8.096468409999998, 110: 18.026261023999997, 112: 1.3239812149999997, 89: 1.8876563940000002, 91: 1.428851016, 21: 15.861020918000003, 33: 10.843641458000004, 34: 4.148054264, 37: 13.892636122, 52: 11.640781252, 53: 1.5468295400000003, 56: 14.369326122999999, 58: 8.30025282, 73: 22.694205011000005, 77: 19.945553832999998, 79: 6.901743679999999, 80: 7.8019962120000015, 121: 6.115220184000001}",22.694205011000005,9.356523293842107
27419,<built-in function id>,"[('104', '86'), ('10', '121')]","['68', '71', '104', '105', '106', '108', '109', '110', '111', '112', '86', '89', '91', '92', '10', '21', '32', '33', '34', '35', '36', '37', '51', '52', '53', '54', '55', '56', '57', '58', '73', '74', '77', '78', '79', '80', '116', '117', '121', '125']",27419,223.4401741290005,1.4096832275390625,"[71, 106, 110, 112, 89, 91, 21, 33, 34, 37, 52, 53, 56, 58, 73, 77, 79, 80, 121]",19,"[(48, 71), (97, 71), (50, 106), (93, 106), (95, 110), (96, 110), (90, 112), (46, 89), (72, 91), (124, 21), (88, 33), (94, 33), (17, 34), (118, 37), (129, 37), (18, 52), (29, 52), (66, 52), (76, 52), (85, 53), (19, 56), (20, 56), (49, 56), (69, 58), (70, 58), (119, 73), (120, 73), (47, 77), (123, 77), (131, 77), (126, 79), (127, 79), (135, 80), (122, 121)]",98177,"{71: 2.9494631069999997, 106: 8.096468409999998, 110: 18.026261023999997, 112: 1.3239812149999997, 89: 1.8876563940000002, 91: 1.428851016, 21: 15.861020918000003, 33: 10.843641458000004, 34: 4.148054264, 37: 13.892636122, 52: 11.640781252, 53: 1.5468295400000003, 56: 14.369326122999999, 58: 8.30025282, 73: 22.694205011000005, 77: 19.945553832999998, 79: 6.901743679999999, 80: 7.8019962120000015, 121: 6.115220184000001}",22.694205011000005,9.356523293842107
29745,<built-in function id>,"[('96', '135'), ('86', '104'), ('121', '10')]","['96', '131', '135', '79', '80', '94', '104', '105', '106', '109', '110', '112', '86', '89', '91', '92', '10', '21', '32', '33', '34', '35', '36', '37', '51', '52', '53', '54', '55', '56', '57', '58', '73', '74', '77', '78', '79', '80', '116', '117', '121', '125']",29745,229.14684045800027,1.645467758178711,"[131, 104, 105, 109, 112, 86, 89, 91, 92, 10, 21, 32, 35, 37, 51, 54, 56, 57, 73, 77, 78]",21,"[(48, 131), (97, 131), (119, 131), (90, 104), (93, 105), (85, 109), (95, 112), (70, 86), (88, 89), (108, 89), (66, 91), (46, 92), (111, 92), (122, 10), (76, 21), (17, 32), (126, 35), (18, 37), (29, 37), (71, 37), (50, 51), (72, 51), (19, 54), (20, 54), (49, 54), (68, 56), (69, 56), (118, 57), (47, 73), (120, 73), (127, 73), (123, 77), (124, 77), (129, 78)]",103940,"{131: 9.018802757, 104: 1.3239812149999997, 105: 1.1339047060000003, 109: 1.5468295400000003, 112: 13.526002190999998, 86: 5.4865815829999995, 89: 12.545049759999998, 91: 6.59392216, 92: 6.2445637739999995, 10: 6.115220184000001, 21: 2.2743637730000006, 32: 4.148054264, 35: 1.7893409570000003, 37: 5.754730242000001, 51: 8.391414719999997, 54: 14.369326122999999, 56: 4.401289247000001, 57: 12.686633431, 73: 23.795337902000004, 77: 26.892641795000003, 78: 1.206002691}",26.892641795000003,8.059237762619048
30950,<built-in function id>,"[('96', '10'), ('104', '86'), ('10', '121')]","['10', '21', '33', '34', '35', '36', '37', '51', '52', '53', '54', '55', '56', '57', '58', '73', '74', '77', '78', '79', '80', '94', '96', '116', '68', '71', '104', '105', '106', '108', '109', '110', '111', '112', '86', '89', '91', '92', '10', '116', '117', '120', '121']",30950,235.79953803800052,1.3108234405517578,"[21, 33, 36, 37, 51, 52, 53, 54, 55, 56, 57, 73, 77, 80, 94, 96, 68, 71, 108, 109, 110, 112, 117, 120]",24,"[(32, 21), (122, 21), (126, 33), (93, 36), (46, 37), (49, 37), (125, 37), (29, 51), (19, 52), (70, 52), (135, 52), (88, 53), (90, 53), (127, 53), (118, 54), (17, 55), (20, 56), (129, 56), (18, 57), (95, 73), (131, 73), (123, 77), (124, 80), (85, 94), (50, 96), (97, 68), (47, 71), (69, 108), (72, 109), (48, 110), (66, 112), (119, 117), (76, 120)]",106762,"{21: 16.476596301, 33: 1.7893409570000003, 36: 1.1339047060000003, 37: 14.126814710000001, 51: 1.540275179, 52: 15.346647613000002, 53: 8.769736973, 54: 12.686633431, 55: 4.148054264, 56: 4.162020160999999, 57: 1.23222014, 73: 20.381865329, 77: 11.031620876999998, 80: 15.861020918000003, 94: 1.5468295400000003, 96: 6.962563703999997, 68: 1.4091879279999995, 71: 2.0580698179999994, 108: 2.8136712370000008, 109: 1.428851016, 110: 1.540275179, 112: 6.59392216, 117: 6.06933965, 120: 2.2743637730000006}",20.381865329,6.724326065166667
31081,<built-in function id>,"[('104', '86'), ('10', '121'), ('121', '10')]","['68', '71', '104', '105', '106', '108', '109', '110', '111', '112', '86', '89', '91', '92', '10', '116', '117', '120', '121', '10', '21', '32', '33', '34', '35', '36', '37', '51', '52', '53', '54', '55', '56', '57', '58', '73', '74', '77', '78', '79', '80', '116', '117', '121', '125']",31081,236.34327832600042,1.5079631805419922,"[71, 105, 109, 110, 111, 112, 120, 21, 34, 35, 36, 37, 51, 52, 53, 54, 55, 56, 57, 58, 77, 79]",22,"[(46, 71), (70, 71), (88, 105), (47, 109), (50, 109), (29, 110), (72, 111), (90, 112), (93, 112), (122, 120), (20, 21), (66, 34), (118, 34), (127, 34), (96, 35), (124, 35), (131, 35), (97, 36), (48, 37), (17, 51), (49, 51), (123, 52), (129, 52), (85, 53), (19, 54), (95, 54), (76, 55), (18, 56), (126, 57), (69, 58), (119, 77), (94, 79), (135, 79)]",97389,"{71: 7.374237977, 105: 2.333353035000001, 109: 9.020633521999997, 110: 1.540275179, 111: 1.428851016, 112: 2.457885921, 120: 6.115220184000001, 21: 2.956017469999999, 34: 24.392958314, 35: 27.217142889, 36: 1.4091879279999995, 37: 1.540275179, 51: 13.503293099, 52: 12.237623567999998, 53: 1.5468295400000003, 54: 15.584072008999998, 55: 2.2743637730000006, 56: 1.23222014, 57: 1.7893409570000003, 58: 2.8136712370000008, 77: 6.06933965, 79: 16.312284635000005}",27.217142889,7.324958055545455
32880,<built-in function id>,"[('135', '10'), ('104', '86'), ('121', '10')]","['135', '126', '122', '120', '117', '116', '10', '68', '71', '104', '105', '106', '108', '109', '110', '111', '112', '86', '89', '91', '92', '10', '21', '32', '33', '34', '35', '36', '37', '51', '52', '53', '54', '55', '56', '57', '58', '73', '74', '77', '78', '79', '80', '116', '117', '121', '125']",32880,249.0437513040005,0.7888011932373047,"[120, 68, 71, 104, 105, 110, 35, 36, 37, 53, 54, 55, 56, 57, 58, 73, 77, 78, 79, 121, 125]",21,"[(127, 120), (129, 120), (94, 68), (97, 68), (88, 71), (70, 104), (46, 105), (85, 105), (50, 110), (49, 35), (124, 35), (47, 36), (66, 36), (76, 36), (123, 37), (20, 53), (19, 54), (72, 55), (131, 55), (18, 56), (90, 57), (69, 58), (93, 58), (29, 73), (48, 77), (118, 78), (17, 79), (95, 79), (119, 121), (96, 125)]",93522,"{120: 6.318405413999999, 68: 9.919476351000002, 71: 2.333353035000001, 104: 5.4865815829999995, 105: 3.4344859340000005, 110: 6.962563703999997, 35: 25.216259753000003, 36: 10.926355751000001, 37: 11.031620876999998, 53: 2.956017469999999, 54: 2.0580698179999994, 55: 8.284714154, 56: 1.23222014, 57: 1.3239812149999997, 58: 3.9475759430000013, 73: 1.540275179, 77: 1.540275179, 78: 12.686633431, 79: 17.674056455, 121: 6.06933965, 125: 4.500258832999999}",25.216259753000003,6.92583427947619
32880,<built-in function id>,"[('135', '10'), ('104', '86'), ('121', '10')]","['135', '126', '122', '120', '117', '116', '10', '68', '71', '104', '105', '106', '108', '109', '110', '111', '112', '86', '89', '91', '92', '10', '21', '32', '33', '34', '35', '36', '37', '51', '52', '53', '54', '55', '56', '57', '58', '73', '74', '77', '78', '79', '80', '116', '117', '121', '125']",32880,249.0437513040005,0.9084892272949219,"[120, 68, 71, 104, 105, 110, 35, 36, 37, 53, 54, 55, 56, 57, 58, 73, 77, 78, 79, 121, 125]",21,"[(127, 120), (129, 120), (94, 68), (97, 68), (88, 71), (70, 104), (46, 105), (85, 105), (50, 110), (49, 35), (124, 35), (47, 36), (66, 36), (76, 36), (123, 37), (20, 53), (19, 54), (72, 55), (131, 55), (18, 56), (90, 57), (69, 58), (93, 58), (29, 73), (48, 77), (118, 78), (17, 79), (95, 79), (119, 121), (96, 125)]",93522,"{120: 6.318405413999999, 68: 9.919476351000002, 71: 2.333353035000001, 104: 5.4865815829999995, 105: 3.4344859340000005, 110: 6.962563703999997, 35: 25.216259753000003, 36: 10.926355751000001, 37: 11.031620876999998, 53: 2.956017469999999, 54: 2.0580698179999994, 55: 8.284714154, 56: 1.23222014, 57: 1.3239812149999997, 58: 3.9475759430000013, 73: 1.540275179, 77: 1.540275179, 78: 12.686633431, 79: 17.674056455, 121: 6.06933965, 125: 4.500258832999999}",25.216259753000003,6.92583427947619
32880,<built-in function id>,"[('135', '10'), ('104', '86'), ('121', '10')]","['135', '126', '122', '120', '117', '116', '10', '68', '71', '104', '105', '106', '108', '109', '110', '111', '112', '86', '89', '91', '92', '10', '21', '32', '33', '34', '35', '36', '37', '51', '52', '53', '54', '55', '56', '57', '58', '73', '74', '77', '78', '79', '80', '116', '117', '121', '125']",32880,249.0437513040005,1.0334625244140625,"[120, 68, 71, 104, 105, 110, 35, 36, 37, 53, 54, 55, 56, 57, 58, 73, 77, 78, 79, 121, 125]",21,"[(127, 120), (129, 120), (94, 68), (97, 68), (88, 71), (70, 104), (46, 105), (85, 105), (50, 110), (49, 35), (124, 35), (47, 36), (66, 36), (76, 36), (123, 37), (20, 53), (19, 54), (72, 55), (131, 55), (18, 56), (90, 57), (69, 58), (93, 58), (29, 73), (48, 77), (118, 78), (17, 79), (95, 79), (119, 121), (96, 125)]",93522,"{120: 6.318405413999999, 68: 9.919476351000002, 71: 2.333353035000001, 104: 5.4865815829999995, 105: 3.4344859340000005, 110: 6.962563703999997, 35: 25.216259753000003, 36: 10.926355751000001, 37: 11.031620876999998, 53: 2.956017469999999, 54: 2.0580698179999994, 55: 8.284714154, 56: 1.23222014, 57: 1.3239812149999997, 58: 3.9475759430000013, 73: 1.540275179, 77: 1.540275179, 78: 12.686633431, 79: 17.674056455, 121: 6.06933965, 125: 4.500258832999999}",25.216259753000003,6.92583427947619
35712,<built-in function id>,"[('96', '135'), ('10', '121'), ('86', '104'), ('121', '10')]","['96', '131', '135', '79', '80', '94', '10', '116', '117', '120', '121', '104', '105', '106', '108', '109', '110', '111', '112', '86', '88', '89', '91', '92', '10', '21', '32', '33', '34', '35', '36', '37', '51', '52', '53', '54', '55', '56', '57', '58', '73', '74', '77', '78', '79', '80', '116', '117', '121', '125']",35712,256.82809584000046,1.1464862823486328,"[131, 94, 104, 108, 111, 32, 33, 34, 35, 36, 37, 51, 52, 53, 54, 55, 56, 58, 73, 74, 78, 125]",22,"[(47, 131), (90, 131), (126, 94), (93, 104), (50, 108), (69, 111), (49, 32), (66, 33), (71, 33), (123, 34), (46, 35), (72, 36), (20, 37), (19, 51), (70, 52), (129, 52), (18, 53), (85, 54), (124, 54), (127, 54), (68, 55), (76, 55), (29, 56), (48, 58), (119, 73), (17, 74), (95, 74), (122, 78), (97, 125), (118, 125)]",104015,"{131: 3.382051032999999, 94: 1.7893409570000003, 104: 1.1339047060000003, 108: 6.962563703999997, 111: 2.8136712370000008, 32: 9.355238835, 33: 9.576157083000002, 34: 11.031620876999998, 35: 1.8876563940000002, 36: 1.428851016, 37: 2.956017469999999, 51: 2.0580698179999994, 52: 6.692584274, 53: 1.23222014, 54: 22.520253181, 55: 3.861981783000001, 56: 1.540275179, 58: 1.540275179, 73: 6.06933965, 74: 17.674056455, 78: 6.115220184000001, 125: 14.095821359}",22.520253181,6.16896229609091
36064,<built-in function id>,"[('96', '135'), ('104', '86'), ('10', '121'), ('121', '10')]","['96', '131', '135', '79', '80', '94', '68', '71', '104', '105', '106', '108', '109', '110', '111', '112', '86', '89', '91', '92', '10', '116', '117', '120', '121', '10', '21', '32', '33', '34', '35', '36', '37', '51', '52', '53', '54', '55', '56', '57', '58', '73', '74', '77', '78', '79', '80', '116', '117', '121', '125']",36064,258.67338903000064,1.2980365753173828,"[131, 135, 105, 112, 91, 92, 21, 32, 33, 34, 36, 52, 53, 57, 58, 73, 74, 77, 125]",19,"[(122, 131), (97, 135), (72, 105), (85, 105), (95, 112), (50, 91), (69, 92), (90, 92), (20, 21), (118, 21), (127, 21), (129, 32), (17, 33), (48, 33), (18, 34), (70, 36), (119, 36), (123, 36), (124, 52), (29, 53), (19, 57), (76, 58), (66, 73), (88, 73), (126, 73), (47, 74), (46, 77), (93, 77), (49, 125)]",78272,"{131: 6.115220184000001, 135: 1.4091879279999995, 105: 2.9756805560000004, 112: 13.526002190999998, 91: 6.962563703999997, 92: 4.137652452, 21: 20.755053624, 32: 1.206002691, 33: 5.688329443, 34: 1.23222014, 36: 22.587542109999998, 52: 15.861020918000003, 53: 1.540275179, 57: 2.0580698179999994, 58: 2.2743637730000006, 73: 10.716616152, 74: 2.0580698179999994, 77: 3.0215611000000004, 125: 9.355238835}",22.587542109999998,7.025298453473684
37863,<built-in function id>,"[('96', '135'), ('135', '10'), ('104', '86'), ('121', '10')]","['96', '131', '135', '79', '80', '94', '135', '126', '122', '120', '117', '116', '10', '68', '71', '104', '105', '106', '108', '109', '110', '111', '112', '86', '89', '91', '92', '10', '21', '32', '33', '34', '35', '36', '37', '51', '52', '53', '54', '55', '56', '57', '58', '73', '74', '77', '78', '79', '80', '116', '117', '121', '125']",37863,265.6288967540004,0.6327362060546875,"[96, 106, 108, 109, 110, 111, 112, 86, 21, 33, 34, 35, 36, 51, 52, 54, 55, 57, 58, 73, 78, 121]",22,"[(95, 96), (29, 106), (93, 108), (69, 109), (97, 110), (66, 111), (88, 112), (70, 86), (129, 21), (48, 33), (50, 34), (119, 35), (18, 36), (72, 36), (49, 51), (19, 52), (46, 52), (124, 52), (127, 52), (20, 54), (76, 55), (85, 57), (123, 58), (90, 73), (118, 73), (17, 78), (47, 121)]",81916,"{96: 13.526002190999998, 106: 1.540275179, 108: 1.1339047060000003, 109: 2.8136712370000008, 110: 1.4091879279999995, 111: 6.59392216, 112: 2.333353035000001, 86: 5.4865815829999995, 21: 1.206002691, 33: 1.540275179, 34: 6.962563703999997, 35: 6.06933965, 36: 2.661071156, 51: 9.355238835, 52: 24.919149853, 54: 2.956017469999999, 55: 2.2743637730000006, 57: 1.5468295400000003, 58: 11.031620876999998, 73: 14.010614646, 78: 4.148054264, 121: 2.0580698179999994}",24.919149853,5.708004976136364
38465,<built-in function id>,"[('96', '10'), ('135', '10'), ('104', '86'), ('86', '17')]","['10', '21', '33', '34', '35', '36', '37', '51', '52', '53', '54', '55', '56', '57', '58', '73', '74', '77', '78', '79', '80', '94', '96', '116', '135', '126', '122', '120', '117', '116', '10', '68', '71', '104', '105', '106', '108', '109', '110', '111', '112', '86', '89', '91', '92', '86', '68', '69', '50', '51', '32', '17']",38465,266.36619053500044,0.7546310424804688,"[33, 34, 52, 54, 74, 77, 78, 79, 80, 94, 96, 135, 117, 71, 104, 106, 110, 111, 91, 69, 50, 32]",22,"[(127, 33), (46, 34), (93, 52), (47, 54), (119, 54), (125, 74), (118, 77), (123, 77), (124, 77), (131, 77), (76, 78), (121, 79), (70, 80), (95, 94), (85, 96), (20, 135), (19, 117), (129, 117), (72, 71), (88, 104), (66, 106), (29, 110), (90, 111), (97, 91), (49, 69), (18, 50), (48, 32)]",79897,"{33: 5.112402722999999, 34: 1.8876563940000002, 52: 1.1339047060000003, 54: 8.127409468, 74: 2.8839194810000013, 77: 46.435138364, 78: 2.2743637730000006, 79: 2.1367221640000005, 80: 5.4865815829999995, 94: 13.526002190999998, 96: 1.5468295400000003, 135: 2.956017469999999, 117: 3.264072508999999, 71: 1.428851016, 104: 2.333353035000001, 106: 6.59392216, 110: 1.540275179, 111: 1.3239812149999997, 91: 1.4091879279999995, 69: 9.355238835, 50: 1.23222014, 32: 1.540275179}",46.435138364,5.614923866045455
38465,<built-in function id>,"[('96', '10'), ('135', '10'), ('104', '86'), ('86', '17')]","['10', '21', '33', '34', '35', '36', '37', '51', '52', '53', '54', '55', '56', '57', '58', '73', '74', '77', '78', '79', '80', '94', '96', '116', '135', '126', '122', '120', '117', '116', '10', '68', '71', '104', '105', '106', '108', '109', '110', '111', '112', '86', '89', '91', '92', '86', '68', '69', '50', '51', '32', '17']",38465,266.36619053500044,0.8300704956054688,"[33, 34, 52, 54, 74, 77, 78, 79, 80, 94, 96, 135, 117, 71, 104, 106, 110, 111, 91, 69, 50, 32]",22,"[(127, 33), (46, 34), (93, 52), (47, 54), (119, 54), (125, 74), (118, 77), (123, 77), (124, 77), (131, 77), (76, 78), (121, 79), (70, 80), (95, 94), (85, 96), (20, 135), (19, 117), (129, 117), (72, 71), (88, 104), (66, 106), (29, 110), (90, 111), (97, 91), (49, 69), (18, 50), (48, 32)]",79897,"{33: 5.112402722999999, 34: 1.8876563940000002, 52: 1.1339047060000003, 54: 8.127409468, 74: 2.8839194810000013, 77: 46.435138364, 78: 2.2743637730000006, 79: 2.1367221640000005, 80: 5.4865815829999995, 94: 13.526002190999998, 96: 1.5468295400000003, 135: 2.956017469999999, 117: 3.264072508999999, 71: 1.428851016, 104: 2.333353035000001, 106: 6.59392216, 110: 1.540275179, 111: 1.3239812149999997, 91: 1.4091879279999995, 69: 9.355238835, 50: 1.23222014, 32: 1.540275179}",46.435138364,5.614923866045455
40533,<built-in function id>,"[('96', '135'), ('135', '10'), ('104', '86'), ('86', '104'), ('121', '10')]","['96', '131', '135', '79', '80', '94', '135', '126', '122', '120', '117', '116', '10', '68', '71', '104', '105', '106', '108', '109', '110', '111', '112', '86', '89', '91', '92', '86', '88', '105', '104', '10', '21', '32', '33', '34', '35', '36', '37', '51', '52', '53', '54', '55', '56', '57', '58', '73', '74', '77', '78', '79', '80', '116', '117', '121', '125']",40533,267.6820980370003,1.2440872192382812,"[131, 122, 120, 110, 112, 89, 92, 21, 33, 34, 35, 51, 52, 54, 55, 56, 73, 125]",18,"[(97, 131), (123, 122), (124, 122), (129, 122), (18, 120), (90, 110), (95, 112), (49, 89), (69, 92), (72, 21), (19, 33), (50, 33), (85, 33), (93, 33), (17, 34), (46, 34), (47, 34), (118, 35), (127, 51), (29, 52), (70, 54), (20, 55), (66, 56), (119, 56), (48, 73), (76, 125)]",65211,"{131: 1.4091879279999995, 122: 28.098644486, 120: 1.23222014, 110: 1.3239812149999997, 112: 13.526002190999998, 89: 9.355238835, 92: 2.8136712370000008, 21: 1.428851016, 33: 11.701367767999999, 34: 8.093780476, 35: 12.686633431, 51: 5.112402722999999, 52: 1.540275179, 54: 5.4865815829999995, 55: 2.956017469999999, 56: 12.66326181, 73: 1.540275179, 125: 2.2743637730000006}",28.098644486,6.846819802222223
41780,<built-in function id>,"[('96', '135'), ('104', '86'), ('10', '121'), ('86', '17'), ('121', '10')]","['96', '131', '135', '79', '80', '94', '68', '71', '104', '105', '106', '108', '109', '110', '111', '112', '86', '89', '91', '92', '10', '116', '117', '120', '121', '86', '68', '69', '50', '51', '32', '17', '10', '21', '32', '33', '34', '35', '36', '37', '51', '52', '53', '54', '55', '56', '57', '58', '73', '74', '77', '78', '79', '80', '116', '117', '121', '125']",41780,269.965929275,0.8021259307861328,"[131, 104, 105, 106, 108, 92, 69, 17, 21, 33, 36, 37, 53, 54, 55, 58, 78]",17,"[(119, 131), (66, 104), (88, 105), (90, 105), (29, 106), (46, 108), (95, 92), (76, 69), (20, 17), (70, 17), (93, 17), (97, 17), (18, 21), (47, 21), (48, 21), (122, 33), (126, 36), (127, 36), (118, 37), (85, 53), (129, 53), (124, 54), (123, 55), (49, 58), (19, 78), (72, 78)]",88625,"{131: 6.06933965, 104: 6.59392216, 105: 3.657334250000001, 106: 1.540275179, 108: 1.8876563940000002, 92: 13.526002190999998, 69: 2.2743637730000006, 17: 10.985691687, 21: 4.830565136999999, 33: 6.115220184000001, 36: 6.901743679999999, 37: 12.686633431, 53: 2.752832231, 54: 15.861020918000003, 55: 11.031620876999998, 58: 9.355238835, 78: 3.4869208339999993}",15.861020918000003,7.032728318294118
42840,<built-in function id>,"[('96', '135'), ('135', '10'), ('104', '86'), ('17', '96'), ('121', '10')]","['96', '131', '135', '79', '80', '94', '135', '126', '122', '120', '117', '116', '10', '68', '71', '104', '105', '106', '108', '109', '110', '111', '112', '86', '89', '91', '92', '17', '33', '52', '54', '74', '76', '94', '96', '10', '21', '32', '33', '34', '35', '36', '37', '51', '52', '53', '54', '55', '56', '57', '58', '73', '74', '77', '78', '79', '80', '116', '117', '121', '125']",42840,271.1184224990003,1.562704086303711,"[131, 126, 122, 71, 86, 89, 17, 32, 35, 37, 51, 53, 55, 56, 73, 77]",16,"[(127, 131), (18, 126), (129, 122), (93, 71), (49, 86), (95, 89), (47, 17), (70, 17), (124, 17), (20, 32), (66, 32), (72, 32), (123, 35), (46, 37), (48, 37), (69, 37), (85, 51), (119, 53), (29, 55), (88, 55), (19, 56), (50, 56), (90, 73), (118, 73), (97, 77)]",77000,"{131: 5.112402722999999, 126: 1.23222014, 122: 1.206002691, 71: 1.1339047060000003, 86: 9.355238835, 89: 13.526002190999998, 17: 23.405672319000004, 32: 10.978790645999998, 35: 11.031620876999998, 37: 6.241602810000002, 51: 1.5468295400000003, 53: 6.06933965, 55: 3.873628214000001, 56: 9.020633521999997, 73: 14.010614646, 77: 1.4091879279999995}",23.405672319000004,7.447105714875001
43579,<built-in function id>,"[('96', '135'), ('135', '10'), ('104', '86'), ('86', '17'), ('121', '10')]","['96', '131', '135', '79', '80', '94', '135', '126', '122', '120', '117', '116', '10', '68', '71', '104', '105', '106', '108', '109', '110', '111', '112', '86', '89', '91', '92', '86', '68', '69', '50', '51', '32', '17', '10', '21', '32', '33', '34', '35', '36', '37', '51', '52', '53', '54', '55', '56', '57', '58', '73', '74', '77', '78', '79', '80', '116', '117', '121', '125']",43579,277.1297657959999,0.5703506469726562,"[96, 126, 105, 108, 109, 89, 91, 92, 17, 21, 35, 52, 53, 54, 55, 57, 58, 77]",18,"[(97, 96), (123, 126), (88, 105), (93, 108), (47, 109), (66, 109), (29, 89), (76, 89), (49, 91), (90, 92), (118, 17), (119, 17), (20, 21), (129, 35), (19, 52), (72, 53), (85, 53), (48, 54), (127, 54), (46, 55), (124, 57), (18, 58), (70, 58), (95, 77)]",66759,"{96: 1.4091879279999995, 126: 11.031620876999998, 105: 2.333353035000001, 108: 1.1339047060000003, 109: 8.651991978, 89: 3.8146389520000006, 91: 9.355238835, 92: 1.3239812149999997, 17: 18.755973081, 21: 2.956017469999999, 35: 1.206002691, 52: 2.0580698179999994, 53: 2.9756805560000004, 54: 6.652677901999999, 55: 1.8876563940000002, 57: 15.861020918000003, 58: 6.7188017229999994, 77: 13.526002190999998}",18.755973081,6.202878903888889
43579,<built-in function id>,"[('96', '135'), ('135', '10'), ('104', '86'), ('86', '17'), ('121', '10')]","['96', '131', '135', '79', '80', '94', '135', '126', '122', '120', '117', '116', '10', '68', '71', '104', '105', '106', '108', '109', '110', '111', '112', '86', '89', '91', '92', '86', '68', '69', '50', '51', '32', '17', '10', '21', '32', '33', '34', '35', '36', '37', '51', '52', '53', '54', '55', '56', '57', '58', '73', '74', '77', '78', '79', '80', '116', '117', '121', '125']",43579,277.1297657959999,0.7568397521972656,"[96, 126, 105, 108, 109, 89, 91, 92, 17, 21, 35, 52, 53, 54, 55, 57, 58, 77]",18,"[(97, 96), (123, 126), (88, 105), (93, 108), (47, 109), (66, 109), (29, 89), (76, 89), (49, 91), (90, 92), (118, 17), (119, 17), (20, 21), (129, 35), (19, 52), (72, 53), (85, 53), (48, 54), (127, 54), (46, 55), (124, 57), (18, 58), (70, 58), (95, 77)]",66759,"{96: 1.4091879279999995, 126: 11.031620876999998, 105: 2.333353035000001, 108: 1.1339047060000003, 109: 8.651991978, 89: 3.8146389520000006, 91: 9.355238835, 92: 1.3239812149999997, 17: 18.755973081, 21: 2.956017469999999, 35: 1.206002691, 52: 2.0580698179999994, 53: 2.9756805560000004, 54: 6.652677901999999, 55: 1.8876563940000002, 57: 15.861020918000003, 58: 6.7188017229999994, 77: 13.526002190999998}",18.755973081,6.202878903888889
45933,<built-in function id>,"[('96', '121'), ('135', '10'), ('135', '10'), ('104', '86'), ('86', '17')]","['96', '121', '74', '76', '52', '54', '55', '56', '57', '58', '125', '94', '135', '126', '122', '120', '117', '116', '10', '131', '135', '10', '21', '33', '34', '35', '36', '37', '51', '52', '53', '54', '55', '57', '58', '73', '74', '77', '78', '79', '80', '116', '117', '68', '71', '104', '105', '106', '108', '109', '110', '111', '112', '86', '89', '91', '92', '86', '68', '69', '50', '51', '32', '17']",45933,279.1910023369998,0.5860061645507812,"[96, 120, 131, 21, 33, 35, 53, 77, 80, 71, 105, 108, 110, 111, 89, 50, 32]",17,"[(85, 96), (118, 120), (19, 131), (47, 21), (70, 21), (123, 33), (129, 33), (127, 35), (18, 53), (20, 77), (48, 77), (95, 77), (124, 80), (97, 71), (90, 105), (66, 108), (93, 110), (72, 111), (46, 89), (119, 50), (29, 32), (49, 32), (88, 32)]",78533,"{96: 1.5468295400000003, 120: 12.686633431, 131: 2.0580698179999994, 21: 7.544651400999999, 33: 12.237623567999998, 35: 5.112402722999999, 53: 1.23222014, 77: 18.022294839999997, 80: 15.861020918000003, 71: 1.4091879279999995, 105: 1.3239812149999997, 108: 6.59392216, 110: 1.1339047060000003, 111: 1.428851016, 89: 1.8876563940000002, 50: 6.06933965, 32: 13.228867049000002}",18.022294839999997,6.433968029235294
46249,<built-in function id>,"[('96', '135'), ('135', '10'), ('104', '86'), ('86', '104'), ('86', '17'), ('121', '10')]","['96', '131', '135', '79', '80', '94', '135', '126', '122', '120', '117', '116', '10', '68', '71', '104', '105', '106', '108', '109', '110', '111', '112', '86', '89', '91', '92', '86', '88', '105', '104', '86', '68', '69', '50', '51', '32', '17', '10', '21', '32', '33', '34', '35', '36', '37', '51', '52', '53', '54', '55', '56', '57', '58', '73', '74', '77', '78', '79', '80', '116', '117', '121', '125']",46249,279.2444638049999,0.5438194274902344,"[96, 126, 122, 110, 111, 88, 17, 21, 36, 52, 54, 55, 57, 58, 121]",15,"[(76, 96), (124, 126), (18, 122), (95, 110), (47, 111), (70, 111), (85, 88), (20, 17), (118, 21), (90, 36), (129, 36), (66, 52), (123, 52), (127, 52), (93, 54), (72, 55), (97, 55), (48, 57), (119, 57), (19, 58), (46, 58), (29, 121), (49, 121)]",69603,"{96: 2.2743637730000006, 126: 15.861020918000003, 122: 1.23222014, 110: 13.526002190999998, 111: 7.544651400999999, 88: 1.5468295400000003, 17: 2.956017469999999, 21: 12.686633431, 36: 2.5299839059999996, 52: 22.73794576, 54: 1.1339047060000003, 55: 2.8380389439999996, 57: 7.609614829, 58: 3.9457262119999994, 121: 10.895514014}",22.73794576,7.287897815666666
47866,<built-in function id>,"[('135', '10'), ('104', '86'), ('10', '96'), ('17', '135'), ('86', '17'), ('121', '10')]","['135', '126', '122', '120', '117', '116', '10', '68', '71', '104', '105', '106', '108', '109', '110', '111', '112', '86', '89', '91', '92', '10', '19', '20', '34', '36', '52', '54', '74', '76', '94', '96', '33', '34', '131', '36', '135', '73', '74', '77', '78', '79', '80', '17', '51', '52', '53', '54', '55', '56', '57', '58', '86', '68', '69', '50', '51', '32', '17', '35', '37', '10', '116', '21', '56', '121', '125']",47866,283.7352269959999,0.6164321899414062,"[105, 110, 111, 91, 76, 94, 131, 73, 80, 55, 57, 50, 35, 37, 121, 125]",16,"[(88, 105), (46, 110), (72, 110), (95, 111), (48, 91), (29, 76), (85, 76), (70, 94), (118, 131), (66, 73), (127, 73), (129, 80), (119, 55), (124, 55), (18, 57), (90, 50), (93, 35), (47, 37), (97, 121), (49, 125), (123, 125)]",69078,"{105: 2.333353035000001, 110: 3.3165074100000003, 111: 13.526002190999998, 91: 1.540275179, 76: 3.087104719, 94: 5.4865815829999995, 131: 12.686633431, 73: 11.706324882999999, 80: 1.206002691, 55: 21.930360568000005, 57: 1.23222014, 50: 1.3239812149999997, 35: 1.1339047060000003, 37: 2.0580698179999994, 121: 1.4091879279999995, 125: 20.386859711999996}",21.930360568000005,6.5227105755625
47866,<built-in function id>,"[('135', '10'), ('104', '86'), ('10', '96'), ('17', '135'), ('86', '17'), ('121', '10')]","['135', '126', '122', '120', '117', '116', '10', '68', '71', '104', '105', '106', '108', '109', '110', '111', '112', '86', '89', '91', '92', '10', '19', '20', '34', '36', '52', '54', '74', '76', '94', '96', '33', '34', '131', '36', '135', '73', '74', '77', '78', '79', '80', '17', '51', '52', '53', '54', '55', '56', '57', '58', '86', '68', '69', '50', '51', '32', '17', '35', '37', '10', '116', '21', '56', '121', '125']",47866,283.7352269959999,0.6038856506347656,"[105, 110, 111, 91, 76, 94, 131, 73, 80, 55, 57, 50, 35, 37, 121, 125]",16,"[(88, 105), (46, 110), (72, 110), (95, 111), (48, 91), (29, 76), (85, 76), (70, 94), (118, 131), (66, 73), (127, 73), (129, 80), (119, 55), (124, 55), (18, 57), (90, 50), (93, 35), (47, 37), (97, 121), (49, 125), (123, 125)]",69078,"{105: 2.333353035000001, 110: 3.3165074100000003, 111: 13.526002190999998, 91: 1.540275179, 76: 3.087104719, 94: 5.4865815829999995, 131: 12.686633431, 73: 11.706324882999999, 80: 1.206002691, 55: 21.930360568000005, 57: 1.23222014, 50: 1.3239812149999997, 35: 1.1339047060000003, 37: 2.0580698179999994, 121: 1.4091879279999995, 125: 20.386859711999996}",21.930360568000005,6.5227105755625
47866,<built-in function id>,"[('96', '10'), ('135', '10'), ('104', '86'), ('10', '121'), ('17', '135'), ('17', '86')]","['96', '94', '76', '74', '54', '52', '36', '34', '20', '19', '10', '135', '126', '122', '120', '117', '116', '10', '68', '71', '104', '105', '106', '108', '109', '110', '111', '112', '86', '89', '91', '92', '35', '37', '10', '116', '21', '56', '121', '125', '33', '34', '131', '36', '135', '73', '74', '77', '78', '79', '80', '17', '51', '52', '53', '54', '55', '56', '57', '58', '17', '32', '51', '50', '69', '68', '86']",47866,283.7352269959999,0.7456302642822266,"[76, 19, 126, 122, 104, 112, 89, 35, 21, 131, 77, 78, 53, 57, 58, 32, 50, 69]",18,"[(70, 76), (118, 19), (18, 126), (29, 126), (129, 126), (124, 122), (88, 104), (95, 112), (85, 89), (46, 35), (127, 21), (48, 131), (72, 131), (66, 77), (119, 78), (90, 53), (93, 57), (47, 58), (123, 32), (97, 50), (49, 69)]",63956,"{76: 5.4865815829999995, 19: 12.686633431, 126: 3.97849801, 122: 15.861020918000003, 104: 2.333353035000001, 112: 13.526002190999998, 89: 1.5468295400000003, 35: 1.8876563940000002, 21: 5.112402722999999, 131: 2.9691261950000003, 77: 6.59392216, 78: 6.06933965, 53: 1.3239812149999997, 57: 1.1339047060000003, 58: 2.0580698179999994, 32: 11.031620876999998, 50: 1.4091879279999995, 69: 9.355238835}",15.861020918000003,5.797964956055555
